,date,close,inflated
198,2010-08-20 01:00:00,0.07,0.08795531166404046
199,2010-08-23 01:00:00,0.07,0.08795531166404046
200,2010-08-26 01:00:00,0.07,0.08795531166404046
201,2010-08-29 01:00:00,0.06,0.07539026714060611
202,2010-09-01 01:00:00,0.06,0.07534643538928489
203,2010-09-04 01:00:00,0.06,0.07534643538928489
204,2010-09-07 01:00:00,0.06,0.07534643538928489
205,2010-09-10 01:00:00,0.06,0.07534643538928489
206,2010-09-13 01:00:00,0.06,0.07534643538928489
207,2010-09-16 01:00:00,0.15,0.18836608847321218
208,2010-09-19 01:00:00,0.06,0.07534643538928489
209,2010-09-22 01:00:00,0.06,0.07534643538928489
210,2010-09-25 01:00:00,0.06,0.07534643538928489
211,2010-09-28 01:00:00,0.06,0.07534643538928489
212,2010-10-01 01:00:00,0.06,0.07525273077257202
213,2010-10-04 01:00:00,0.06,0.07525273077257202
214,2010-10-07 01:00:00,0.06,0.07525273077257202
215,2010-10-10 01:00:00,0.12,0.15050546154514405
216,2010-10-13 01:00:00,0.1,0.1254212179542867
217,2010-10-16 01:00:00,0.12,0.15050546154514405
218,2010-10-19 01:00:00,0.1,0.1254212179542867
219,2010-10-22 01:00:00,0.11,0.13796333974971536
220,2010-10-25 01:00:00,0.18,0.22575819231771604
221,2010-10-28 01:00:00,0.19,0.23830031411314476
222,2010-10-31 01:00:00,0.19,0.23830031411314476
223,2010-11-03 01:00:00,0.21,0.2632738125162818
224,2010-11-06 01:00:00,0.25,0.3134212053765259
225,2010-11-09 00:00:00,0.36,0.45132653574219733
226,2010-11-12 00:00:00,0.24,0.3008843571614649
227,2010-11-15 00:00:00,0.3,0.3761054464518311
228,2010-11-18 00:00:00,0.28,0.35103175002170905
229,2010-11-21 00:00:00,0.29,0.36356859823677
230,2010-11-24 00:00:00,0.29,0.36356859823677
231,2010-11-27 00:00:00,0.29,0.36356859823677
232,2010-11-30 00:00:00,0.28,0.35103175002170905
233,2010-12-03 00:00:00,0.25,0.31288353355020326
234,2010-12-06 00:00:00,0.23,0.287852850866187
235,2010-12-09 00:00:00,0.25,0.31288353355020326
236,2010-12-12 00:00:00,0.23,0.287852850866187
237,2010-12-15 00:00:00,0.23,0.287852850866187
238,2010-12-18 00:00:00,0.25,0.31288353355020326
239,2010-12-21 00:00:00,0.27,0.3379142162342196
240,2010-12-24 00:00:00,0.25,0.31288353355020326
241,2010-12-27 00:00:00,0.27,0.3379142162342196
242,2010-12-30 00:00:00,0.3,0.3754602402602439
243,2011-01-02 00:00:00,0.3,0.3736803149534789
244,2011-01-05 00:00:00,0.3,0.3736803149534789
245,2011-01-08 00:00:00,0.32,0.3985923359503776
246,2011-01-11 00:00:00,0.33,0.4110483464488269
247,2011-01-14 00:00:00,0.42,0.5231524409348706
248,2011-01-17 00:00:00,0.4,0.49824041993797197
249,2011-01-20 00:00:00,0.35,0.4359603674457254
250,2011-01-23 00:00:00,0.43,0.5356084514333198
251,2011-01-26 00:00:00,0.43,0.5356084514333198
252,2011-01-29 00:00:00,0.45,0.5605204724302185
253,2011-02-01 00:00:00,0.61,0.7560880940223851
254,2011-02-04 00:00:00,0.78,0.9668011694056726
255,2011-02-07 00:00:00,0.92,1.1403295844272037
256,2011-02-10 00:00:00,0.97,1.2023040183634646
257,2011-02-13 00:00:00,1.09,1.3510426598104912
258,2011-02-16 00:00:00,1.08,1.3386477730232391
259,2011-02-19 00:00:00,1.04,1.28906822587423
260,2011-02-22 00:00:00,0.88,1.0907500372781946
261,2011-02-25 00:00:00,0.96,1.1899091315762125
262,2011-02-28 00:00:00,0.96,1.1899091315762125
263,2011-03-03 00:00:00,0.95,1.1661430994285509
264,2011-03-06 00:00:00,0.92,1.1293175278676493
265,2011-03-09 00:00:00,0.9,1.1047671468270484
266,2011-03-12 00:00:00,0.93,1.14159271838795
267,2011-03-15 01:00:00,0.9,1.1047671468270484
268,2011-03-18 01:00:00,0.87,1.0679415752661465
269,2011-03-21 01:00:00,0.79,0.9697400511037424
270,2011-03-24 01:00:00,0.86,1.055666384745846
271,2011-03-27 01:00:00,0.9,1.1047671468270484
272,2011-03-30 01:00:00,0.8,0.9820152416240429
273,2011-04-02 01:00:00,0.8,0.9757320836260482
274,2011-04-05 01:00:00,0.77,0.9391421304900714
275,2011-04-08 01:00:00,0.78,0.9513387815353971
276,2011-04-11 01:00:00,0.76,0.9269454794447458
277,2011-04-14 01:00:00,0.99,1.2074684534872344
278,2011-04-17 01:00:00,1.09,1.3294349639404908
279,2011-04-20 01:00:00,1.19,1.4514014743937467
280,2011-04-23 01:00:00,1.38,1.6831378442549332
281,2011-04-26 01:00:00,1.71,2.085627328750678
282,2011-04-29 01:00:00,2.66,3.2443091780566107
283,2011-05-02 01:00:00,3.95,4.795120019118089
284,2011-05-05 01:00:00,3.56,4.321677789382379
285,2011-05-08 01:00:00,3.75,4.552329132074135
286,2011-05-11 01:00:00,5.41,6.567493494538954
287,2011-05-14 01:00:00,8.56,10.391449965481227
288,2011-05-17 01:00:00,8.47,10.28219406631145
289,2011-05-20 01:00:00,7.28,8.837588288399923
290,2011-05-23 01:00:00,6.81,8.26702970384663
291,2011-05-26 01:00:00,7.95,9.650937759997168
292,2011-05-29 01:00:00,8.68,10.5371244977076
293,2011-06-01 01:00:00,9.47,11.508473697734381
294,2011-06-04 01:00:00,15.05,18.289601811077343
295,2011-06-07 01:00:00,19.19,23.32076137904148
296,2011-06-10 01:00:00,32.34,39.3013769149662
297,2011-06-13 01:00:00,24.87,30.223415085813524
298,2011-06-16 01:00:00,19.99,24.292966126474155
299,2011-06-19 01:00:00,17.6,21.38850444351902
300,2011-06-22 01:00:00,15.39,18.70278882873623
301,2011-06-25 01:00:00,16.95,20.598588086229963
302,2011-06-28 01:00:00,17.89,21.740928664463365
303,2011-07-01 01:00:00,17.38,21.102450403236514
304,2011-07-04 01:00:00,15.74,19.111195014208445
305,2011-07-07 01:00:00,16.44,19.961121094891162
306,2011-07-10 01:00:00,15.16,18.40697054735705
307,2011-07-13 01:00:00,14.52,17.629895273589998
308,2011-07-16 01:00:00,14.25,17.302066642469526
309,2011-07-19 01:00:00,13.93,16.913529005586
310,2011-07-22 01:00:00,13.94,16.92567080673861
311,2011-07-25 01:00:00,14.16,17.192790432096032
312,2011-07-28 01:00:00,14.1,17.119939625180372
313,2011-07-31 01:00:00,14.06,17.071372420569933
314,2011-08-03 01:00:00,13.37,16.188945684080426
315,2011-08-06 01:00:00,11.42,13.827805513253438
316,2011-08-09 01:00:00,9.66,11.696725153942927
317,2011-08-12 01:00:00,10.35,12.532205522081705
318,2011-08-15 01:00:00,11.4,13.803588690988546
319,2011-08-18 01:00:00,11.39,13.791480279856101
320,2011-08-21 01:00:00,11.75,14.22738308062416
321,2011-08-24 01:00:00,11.47,13.88834756891567
322,2011-08-27 01:00:00,10.01,12.12051954357854
323,2011-08-30 01:00:00,9.4,11.381906464499329
324,2011-09-02 01:00:00,8.46,10.228184707059398
325,2011-09-05 01:00:00,8.56,10.349085235511637
326,2011-09-08 01:00:00,7.53,9.10380979245358
327,2011-09-11 01:00:00,6.49,7.846444296550295
328,2011-09-14 01:00:00,6.19,7.483742711193579
329,2011-09-17 01:00:00,5.18,6.262647373825968
330,2011-09-20 01:00:00,5.89,7.121041125836863
331,2011-09-23 01:00:00,5.8,7.012230650229848
332,2011-09-26 01:00:00,5.49,6.637439012027908
333,2011-09-29 01:00:00,4.95,5.984576158385819
334,2011-10-02 01:00:00,5.27,6.384627309304348
335,2011-10-05 01:00:00,5.03,6.0938662933208505
336,2011-10-08 01:00:00,4.79,5.803105277337349
337,2011-10-11 01:00:00,4.23,5.124662906709184
338,2011-10-14 01:00:00,4.37,5.294273499366225
339,2011-10-17 01:00:00,3.87,4.688521382733934
340,2011-10-20 01:00:00,2.59,3.137795964155268
341,2011-10-23 01:00:00,3.31,4.010079012105767
342,2011-10-26 01:00:00,3.0,3.6345126997937474
343,2011-10-29 01:00:00,3.39,4.106999350766935
344,2011-11-01 01:00:00,3.38,4.098341510851788
345,2011-11-04 01:00:00,3.28,3.9770888034301373
346,2011-11-07 00:00:00,3.04,3.6860823056181764
347,2011-11-10 00:00:00,3.09,3.7467086593290015
348,2011-11-13 00:00:00,3.11,3.7709592008133317
349,2011-11-16 00:00:00,2.67,3.2374472881580694
350,2011-11-19 00:00:00,2.37,2.873689165893118
351,2011-11-22 00:00:00,2.3,2.7888122706979623
352,2011-11-25 00:00:00,2.48,3.0070671440569336
353,2011-11-28 00:00:00,2.51,3.0434429562834286
354,2011-12-01 00:00:00,3.0,3.6465755609911734
355,2011-12-04 00:00:00,3.1,3.7681280796908787
356,2011-12-07 00:00:00,3.06,3.7195070722109964
357,2011-12-10 00:00:00,3.04,3.6951965684710557
358,2011-12-13 00:00:00,3.33,4.047698872700202
359,2011-12-16 00:00:00,3.2,3.889680598390585
360,2011-12-19 00:00:00,3.36,4.084164628310114
361,2011-12-22 00:00:00,4.08,4.959342762947996
362,2011-12-25 00:00:00,4.06,4.935032259208054
363,2011-12-28 00:00:00,4.09,4.971498014817966
364,2011-12-31 00:00:00,4.47,5.433397585876848
365,2012-01-03 00:00:00,5.45,6.595590408753006
366,2012-01-06 00:00:00,6.6,7.987320495003639
367,2012-01-09 00:00:00,7.2,8.71344054000397
368,2012-01-12 00:00:00,7.1,8.592420532503915
369,2012-01-15 00:00:00,6.81,8.241462510753756
370,2012-01-18 00:00:00,6.97,8.435094522753843
371,2012-01-21 00:00:00,6.57,7.951014492753624
372,2012-01-24 00:00:00,6.47,7.829994485253568
373,2012-01-27 00:00:00,6.08,7.358016456003353
374,2012-01-30 00:00:00,5.72,6.922344429003154
375,2012-02-02 00:00:00,5.77,6.95224388679759
376,2012-02-05 00:00:00,5.99,7.2173207767621435
377,2012-02-08 00:00:00,5.74,6.916097038166061
378,2012-02-11 00:00:00,5.94,7.157076029042928
379,2012-02-14 00:00:00,5.69,6.855852290446845
380,2012-02-17 00:00:00,4.74,5.71120208378173
381,2012-02-20 00:00:00,4.38,5.27743990020337
382,2012-02-23 00:00:00,4.63,5.578663638799453
383,2012-02-26 00:00:00,5.05,6.084719519640872
384,2012-02-29 00:00:00,4.98,6.00037687283397
385,2012-03-03 00:00:00,4.94,5.907317604798773
386,2012-03-06 00:00:00,5.04,6.026898932831137
387,2012-03-09 00:00:00,4.99,5.967108268814955
388,2012-03-12 01:00:00,4.98,5.955150136011719
389,2012-03-15 01:00:00,5.45,6.517182377763828
390,2012-03-18 01:00:00,5.4,6.457391713747646
391,2012-03-21 01:00:00,4.95,5.9192757376020095
392,2012-03-24 01:00:00,4.81,5.751861878356699
393,2012-03-27 01:00:00,4.74,5.6681549487340455
394,2012-03-30 01:00:00,4.85,5.7996944095696445
395,2012-04-02 01:00:00,4.97,5.925291522698133
396,2012-04-05 01:00:00,4.96,5.9133694069582985
397,2012-04-08 01:00:00,4.94,5.889525175478627
398,2012-04-11 01:00:00,4.9,5.841836712519287
399,2012-04-14 01:00:00,4.97,5.925291522698133
400,2012-04-17 01:00:00,4.99,5.949135754177804
401,2012-04-20 01:00:00,5.19,6.18757806897451
402,2012-04-23 01:00:00,5.3,6.318721342112697
403,2012-04-26 01:00:00,5.16,6.151811721755004
404,2012-04-29 01:00:00,5.09,6.068356911576156
405,2012-05-02 01:00:00,5.04,6.015805756804387
406,2012-05-05 01:00:00,5.15,6.147103104671149
407,2012-05-08 01:00:00,5.1,6.087422492004438
408,2012-05-11 01:00:00,5.1,6.087422492004438
409,2012-05-14 01:00:00,5.01,5.979997389204359
410,2012-05-17 01:00:00,5.1,6.087422492004438
411,2012-05-20 01:00:00,5.14,6.135166982137806
412,2012-05-23 01:00:00,5.13,6.1232308596044644
413,2012-05-26 01:00:00,5.15,6.147103104671149
414,2012-05-29 01:00:00,5.16,6.159039227204492
415,2012-06-01 01:00:00,5.21,6.227852343144004
416,2012-06-04 01:00:00,5.27,6.299574251126469
417,2012-06-07 01:00:00,5.48,6.550600929065096
418,2012-06-10 01:00:00,5.68,6.78967395567331
419,2012-06-13 01:00:00,5.76,6.8853031663165964
420,2012-06-16 01:00:00,6.27,7.4949393841675445
421,2012-06-19 01:00:00,6.48,7.745966062106171
422,2012-06-22 01:00:00,6.8,8.128482904679315
423,2012-06-25 01:00:00,6.56,7.841595272749457
424,2012-06-28 01:00:00,6.58,7.865502575410279
425,2012-07-01 01:00:00,6.69,8.010047402053216
426,2012-07-04 01:00:00,6.71,8.033993732104197
427,2012-07-07 01:00:00,6.74,8.069913227180669
428,2012-07-10 01:00:00,6.98,8.357269187792443
429,2012-07-13 01:00:00,7.46,8.931981109015991
430,2012-07-16 01:00:00,7.8,9.339068719882672
431,2012-07-19 01:00:00,9.37,11.218855628884697
432,2012-07-22 01:00:00,9.53,11.410426269292547
433,2012-07-25 01:00:00,8.91,10.66809003771213
434,2012-07-28 01:00:00,8.95,10.715982697814091
435,2012-07-31 01:00:00,9.22,11.03925815350234
436,2012-08-03 01:00:00,10.12,12.049784051497749
437,2012-08-06 01:00:00,11.21,13.347636286293456
438,2012-08-09 01:00:00,11.35,13.514332903606665
439,2012-08-12 01:00:00,11.64,13.859633039469745
440,2012-08-15 01:00:00,12.3,14.645488521089163
441,2012-08-18 01:00:00,15.37,18.300907200743122
442,2012-08-21 01:00:00,10.45,12.442711792307458
443,2012-08-24 01:00:00,10.25,12.204573767574303
444,2012-08-27 01:00:00,10.99,13.085684459086984
445,2012-08-30 01:00:00,11.14,13.264287977636851
446,2012-09-02 01:00:00,10.36,12.28075036623784
447,2012-09-05 01:00:00,10.59,12.553392507573236
448,2012-09-08 01:00:00,11.27,13.359464925434407
449,2012-09-11 01:00:00,11.14,13.205362845549184
450,2012-09-14 01:00:00,11.48,13.60839905447977
451,2012-09-17 01:00:00,11.98,14.20109936173063
452,2012-09-20 01:00:00,12.63,14.971609761156751
453,2012-09-23 01:00:00,12.4,14.698967619821353
454,2012-09-26 01:00:00,12.24,14.509303521501078
455,2012-09-29 01:00:00,12.46,14.770091656691458
456,2012-10-02 01:00:00,12.58,14.918141770816671
457,2012-10-05 01:00:00,13.07,15.499214065546415
458,2012-10-08 01:00:00,12.58,14.918141770816671
459,2012-10-11 01:00:00,12.16,14.420079803905464
460,2012-10-14 01:00:00,12.1,14.348928094346718
461,2012-10-17 01:00:00,11.99,14.218483293489022
462,2012-10-20 01:00:00,11.94,14.159190202190068
463,2012-10-23 01:00:00,11.86,14.064321256111741
464,2012-10-26 01:00:00,11.56,13.708562708318022
465,2012-10-29 01:00:00,10.69,12.676862919716234
466,2012-11-01 01:00:00,11.17,13.309136438465648
467,2012-11-04 01:00:00,10.62,12.653807428514341
468,2012-11-07 00:00:00,10.97,13.070834980301537
469,2012-11-10 00:00:00,11.04,13.154240490658974
470,2012-11-13 00:00:00,11.17,13.309136438465648
471,2012-11-16 00:00:00,11.28,13.440202240455909
472,2012-11-19 00:00:00,11.82,14.083616177499012
473,2012-11-22 00:00:00,11.9,14.178936760764657
474,2012-11-25 00:00:00,12.46,14.846180843624172
475,2012-11-28 00:00:00,12.5,14.893841135256991
476,2012-12-01 00:00:00,12.66,15.125215482510965
477,2012-12-04 00:00:00,12.75,15.23274071105962
478,2012-12-07 00:00:00,13.69,16.35578198701225
479,2012-12-10 00:00:00,13.53,16.164626025147975
480,2012-12-13 00:00:00,13.8,16.487201710793943
481,2012-12-16 00:00:00,13.75,16.427465472711354
482,2012-12-19 00:00:00,13.4,16.009311806133248
483,2012-12-22 00:00:00,13.63,16.28409850131315
484,2012-12-25 00:00:00,13.45,16.069048044215833
485,2012-12-28 00:00:00,13.51,16.14073152991494
486,2012-12-31 00:00:00,13.57,16.212415015614045
487,2013-01-03 00:00:00,13.42,15.985931040472469
488,2013-01-06 00:00:00,13.54,16.128875282265067
489,2013-01-09 00:00:00,13.84,16.48623588674657
490,2013-01-12 00:00:00,14.31,17.046100833767586
491,2013-01-15 00:00:00,14.34,17.081836894215737
492,2013-01-18 00:00:00,15.53,18.499367291992357
493,2013-01-21 00:00:00,16.15,19.237912541254126
494,2013-01-24 00:00:00,17.97,21.405900208441896
495,2013-01-27 00:00:00,17.71,21.09618768455793
496,2013-01-30 00:00:00,19.78,23.561975855480288
497,2013-02-02 00:00:00,21.25,25.107412368736163
498,2013-02-05 00:00:00,20.99,24.800215793871626
499,2013-02-08 00:00:00,22.15,26.170785127882635
500,2013-02-11 00:00:00,23.97,28.32116115193439
501,2013-02-14 00:00:00,24.3,28.711064496954766
502,2013-02-17 00:00:00,27.39,32.36197763669099
503,2013-02-20 00:00:00,29.48,34.83136548848669
504,2013-02-23 00:00:00,30.52,36.06015178794483
505,2013-02-26 00:00:00,30.4,35.91836875339197
506,2013-03-01 00:00:00,33.36,39.31289969197458
507,2013-03-04 00:00:00,34.25,40.361715061454724
508,2013-03-07 00:00:00,42.0,49.494657885579514
509,2013-03-10 00:00:00,46.93,55.304387965958256
510,2013-03-13 01:00:00,44.32,52.228648511640095
511,2013-03-16 01:00:00,46.9,55.26903463889712
512,2013-03-19 01:00:00,52.12,61.42051354753343
513,2013-03-22 01:00:00,70.25,82.7857075348086
514,2013-03-25 01:00:00,71.93,84.76549385023178
515,2013-03-28 01:00:00,88.8,104.64584810093955
516,2013-03-31 01:00:00,92.5,109.00609177181202
517,2013-04-03 01:00:00,117.34,138.42255613230063
518,2013-04-06 01:00:00,142.1,167.6312018612572
519,2013-04-09 01:00:00,186.96,220.55122800830858
520,2013-04-12 01:00:00,124.9,147.34086637910644
521,2013-04-15 01:00:00,100.0,117.9670667566905
522,2013-04-18 01:00:00,93.9,110.77107568453239
523,2013-04-21 01:00:00,127.5,150.4080101147804
524,2013-04-24 01:00:00,142.5,168.10307012828397
525,2013-04-27 01:00:00,137.0,161.61488145666598
526,2013-04-30 01:00:00,144.54,170.50959829012044
527,2013-05-03 01:00:00,103.3,121.64340509562342
528,2013-05-06 01:00:00,115.98,136.5750447530533
529,2013-05-09 01:00:00,113.35,133.47802485565262
530,2013-05-12 01:00:00,115.68,136.22177252141066
531,2013-05-15 01:00:00,112.0,131.88829981326066
532,2013-05-18 01:00:00,123.32,145.21843868724378
533,2013-05-21 01:00:00,122.02,143.68759235012556
534,2013-05-24 01:00:00,126.7,149.1986391637511
535,2013-05-27 01:00:00,133.5,157.2061430809848
536,2013-05-30 01:00:00,132.3,155.79305415441416
537,2013-06-02 01:00:00,129.3,151.89582619569688
538,2013-06-05 01:00:00,121.42,142.63875650952448
539,2013-06-08 01:00:00,111.5,130.9851865492668
540,2013-06-11 01:00:00,106.1,124.64150935315882
541,2013-06-14 01:00:00,103.9,122.05704827326299
542,2013-06-17 01:00:00,99.9,117.35802812799783
543,2013-06-20 01:00:00,107.68,126.49762231053859
544,2013-06-23 01:00:00,108.35,127.2847081848705
545,2013-06-26 01:00:00,103.89,122.04530072289984
546,2013-06-29 01:00:00,94.65,111.19056418733727
547,2013-07-02 01:00:00,87.0,102.16343601774004
548,2013-07-05 01:00:00,80.04,93.99036113632083
549,2013-07-08 01:00:00,75.0,88.07192760150002
550,2013-07-11 01:00:00,87.9,103.22029914895803
551,2013-07-14 01:00:00,98.0,115.08065206596004
552,2013-07-17 01:00:00,97.05,113.96507431634102
553,2013-07-20 01:00:00,92.0,108.03489785784004
554,2013-07-23 01:00:00,91.99,108.02315493415982
555,2013-07-26 01:00:00,97.0,113.90635969794003
556,2013-07-29 01:00:00,98.7,115.90265672357404
557,2013-08-01 01:00:00,106.2,124.56001231416514
558,2013-08-04 01:00:00,104.95,123.09391047430914
559,2013-08-07 01:00:00,106.56,124.98224964404366
560,2013-08-10 01:00:00,102.8,120.57221530975683
561,2013-08-13 01:00:00,106.64,125.07608016179444
562,2013-08-16 01:00:00,98.08,115.0362147624606
563,2013-08-19 01:00:00,99.3,116.46713015816006
564,2013-08-22 01:00:00,110.43,129.52130094023784
565,2013-08-25 01:00:00,109.04,127.89099569431797
566,2013-08-28 01:00:00,117.72,138.07160687027795
567,2013-08-31 01:00:00,124.84,146.4225229500977
568,2013-09-03 01:00:00,130.09,152.4029054149281
569,2013-09-06 01:00:00,122.63,143.6633737491939
570,2013-09-09 01:00:00,118.18,138.45011424349454
571,2013-09-12 01:00:00,126.54,148.24401300026906
572,2013-09-15 01:00:00,124.05,145.3269307150575
573,2013-09-18 01:00:00,139.15,163.016867464734
574,2013-09-21 01:00:00,123.04,144.14369653511227
575,2013-09-24 01:00:00,122.65,143.6868041289948
576,2013-09-27 01:00:00,124.65,146.0298421090844
577,2013-09-30 01:00:00,127.01,148.79462692559014
578,2013-10-03 01:00:00,103.85,121.97637082202222
579,2013-10-06 01:00:00,121.2,142.35470528289932
580,2013-10-09 01:00:00,124.12,145.78437309994604
581,2013-10-12 01:00:00,127.41,149.64862211298845
582,2013-10-15 01:00:00,135.17,158.76308179116748
583,2013-10-18 01:00:00,143.94,169.06383068003734
584,2013-10-21 01:00:00,186.12,218.60608702354142
585,2013-10-24 01:00:00,203.7,239.25456655219958
586,2013-10-27 01:00:00,179.56,210.90107987291586
587,2013-10-30 01:00:00,216.0,253.7014549596225
588,2013-11-02 01:00:00,203.0,238.92036263939008
589,2013-11-05 00:00:00,229.95,270.6391004380677
590,2013-11-08 00:00:00,291.02,342.5152903217502
591,2013-11-11 00:00:00,328.0,386.03881254049236
592,2013-11-14 00:00:00,393.0,462.5404064890655
593,2013-11-17 00:00:00,437.24,514.6085682780637
594,2013-11-20 00:00:00,547.0,643.7903367672235
595,2013-11-23 00:00:00,795.0,935.6733413710105
596,2013-11-26 00:00:00,814.56,958.6944364115348
597,2013-11-29 00:00:00,1014.1,1193.5425603576625
598,2013-12-02 00:00:00,955.01,1124.0931868405357
599,2013-12-05 00:00:00,1136.9,1338.1865573334364
600,2013-12-08 00:00:00,705.91,830.8903797055555
601,2013-12-11 00:00:00,978.76,1152.0480911739592
602,2013-12-14 00:00:00,885.0,1041.688014108621
603,2013-12-17 00:00:00,690.0,812.1635364236705
604,2013-12-20 00:00:00,685.3,806.6314079871614
605,2013-12-23 00:00:00,614.11,722.8373179031018
606,2013-12-26 00:00:00,679.02,799.2395427571025
607,2013-12-29 00:00:00,715.0,841.5897515114847
608,2014-01-01 00:00:00,732.0,858.40609449546
609,2014-01-04 00:00:00,807.39,946.8148861129637
610,2014-01-07 00:00:00,915.69,1073.8167714051199
611,2014-01-10 00:00:00,826.28,968.9669231690008
612,2014-01-13 00:00:00,844.04,989.7938251338087
613,2014-01-16 00:00:00,841.83,987.2021892474222
614,2014-01-19 00:00:00,811.2,951.2828194736574
615,2014-01-22 00:00:00,824.78,967.207894286838
616,2014-01-25 00:00:00,780.02,914.7184724430992
617,2014-01-28 00:00:00,747.57,876.6648142923101
618,2014-01-31 00:00:00,800.0,938.1487371535081
619,2014-02-03 00:00:00,814.34,951.4466903199151
620,2014-02-06 00:00:00,781.0,912.4933874546919
621,2014-02-09 00:00:00,680.8,795.4231730847044
622,2014-02-12 00:00:00,675.1,788.763490231322
623,2014-02-15 00:00:00,670.29,783.1436525953974
624,2014-02-18 00:00:00,629.96,736.023475494184
625,2014-02-21 00:00:00,563.0,657.7897274481325
626,2014-02-24 00:00:00,611.05,713.9296855367342
627,2014-02-27 00:00:00,585.21,683.7391232680669
628,2014-03-02 00:00:00,567.48,658.7814230637387
629,2014-03-05 00:00:00,673.28,781.6035041241171
630,2014-03-08 00:00:00,631.99,733.6703876119901
631,2014-03-11 01:00:00,629.33,730.5824222469561
632,2014-03-14 01:00:00,641.01,744.1416085114668
633,2014-03-17 01:00:00,634.99,737.1530553169159
634,2014-03-20 01:00:00,611.2,709.5355004168555
635,2014-03-23 01:00:00,563.01,653.5922481833994
636,2014-03-26 01:00:00,585.79,680.0373049561349
637,2014-03-29 01:00:00,499.6,579.9802617936207
638,2014-04-01 01:00:00,457.49,529.3500788789904
639,2014-04-04 01:00:00,448.72,519.202534251198
640,2014-04-07 01:00:00,458.0,529.9401869474252
641,2014-04-10 01:00:00,441.93,511.34599741850576
642,2014-04-13 01:00:00,423.37,489.87069202605113
643,2014-04-16 01:00:00,523.0,605.150038806776
644,2014-04-19 01:00:00,482.11,557.8372566140245
645,2014-04-22 01:00:00,498.38,576.662861071742
646,2014-04-25 01:00:00,502.15,581.0250324795843
647,2014-04-28 01:00:00,438.8,507.72435378281705
648,2014-05-01 01:00:00,452.03,521.2120609499789
649,2014-05-04 01:00:00,440.0,507.3408995376208
650,2014-05-07 01:00:00,428.01,493.51586002522066
651,2014-05-10 01:00:00,449.0,517.7183270281631
652,2014-05-13 01:00:00,442.45,510.1658659100462
653,2014-05-16 01:00:00,446.53,514.8702997057587
654,2014-05-19 01:00:00,446.89,515.2853968053804
655,2014-05-22 01:00:00,493.97,569.5708730559058
656,2014-05-25 01:00:00,527.91,608.7053051702396
657,2014-05-28 01:00:00,572.7,660.3503026481715
658,2014-05-31 01:00:00,621.3,716.3884110970995
659,2014-06-03 01:00:00,662.0,761.898692220875
660,2014-06-06 01:00:00,661.48,761.30022194904
661,2014-06-09 01:00:00,657.11,756.270769856887
662,2014-06-12 01:00:00,624.97,719.2807034400005
663,2014-06-15 01:00:00,572.28,658.639552241937
664,2014-06-18 01:00:00,608.0,699.7498562995348
665,2014-06-21 01:00:00,593.48,683.0387248629077
666,2014-06-24 01:00:00,588.25,677.0194950134891
667,2014-06-27 01:00:00,577.34,664.4631283486405
668,2014-06-30 01:00:00,599.99,690.531112304536
669,2014-07-03 01:00:00,650.49,748.9440163693599
670,2014-07-06 01:00:00,631.0,726.5041343126968
671,2014-07-09 01:00:00,624.97,719.561471983211
672,2014-07-12 01:00:00,634.0,729.9581951731375
673,2014-07-15 01:00:00,621.21,715.2323823714587
674,2014-07-18 01:00:00,625.8,720.5170954879327
675,2014-07-21 01:00:00,627.0,721.8987198321091
676,2014-07-24 01:00:00,620.43,714.3343265477439
677,2014-07-27 01:00:00,595.9,686.0916222455404
678,2014-07-30 01:00:00,585.5,674.1175445960126
679,2014-08-02 01:00:00,595.76,687.0782066158787
680,2014-08-05 01:00:00,588.5,678.7053924289054
681,2014-08-08 01:00:00,585.02,674.6919773640751
682,2014-08-11 01:00:00,590.74,681.2887400568421
683,2014-08-14 01:00:00,549.98,634.2810394699226
684,2014-08-17 01:00:00,523.88,604.1804264836958
685,2014-08-20 01:00:00,490.0,565.1072936111531
686,2014-08-23 01:00:00,515.69,594.7350617190523
687,2014-08-26 01:00:00,501.55,578.4276798177018
688,2014-08-29 01:00:00,506.61,584.2632775843803
689,2014-09-01 01:00:00,478.87,551.855975482185
690,2014-09-04 01:00:00,474.5,546.8199310173885
691,2014-09-07 01:00:00,479.59,552.6857127853095
692,2014-09-10 01:00:00,473.35,545.4946561582315
693,2014-09-13 01:00:00,474.62,546.9582205679092
694,2014-09-16 01:00:00,470.83,542.5905755972962
695,2014-09-19 01:00:00,425.56,490.4208426633505
696,2014-09-22 01:00:00,401.15,462.290443261592
697,2014-09-25 01:00:00,423.68,488.2543063718591
698,2014-09-28 01:00:00,400.39,461.4146094416273
699,2014-10-01 01:00:00,390.18,450.78096052360036
700,2014-10-04 01:00:00,358.9,414.6426949918503
701,2014-10-07 01:00:00,327.61,378.49287630615794
702,2014-10-10 01:00:00,363.61,420.08423049870913
703,2014-10-13 01:00:00,380.8,439.9441021256523
704,2014-10-16 01:00:00,394.84,456.1647302607472
705,2014-10-19 01:00:00,391.0,451.72831914687515
706,2014-10-22 01:00:00,385.89,445.82465748232136
707,2014-10-25 01:00:00,358.49,414.16901568021296
708,2014-10-28 01:00:00,350.9,405.4001718379501
709,2014-10-31 01:00:00,345.3,398.9304056302199
710,2014-11-03 00:00:00,324.36,376.7724532184916
711,2014-11-06 00:00:00,338.63,393.34830383949253
712,2014-11-09 00:00:00,346.94,403.00109421514196
713,2014-11-12 00:00:00,369.41,429.1019606099487
714,2014-11-15 00:00:00,399.11,463.60110310775735
715,2014-11-18 00:00:00,388.87,451.70644926339503
716,2014-11-21 00:00:00,356.47,414.0710210839675
717,2014-11-24 00:00:00,367.12,426.44192571702
718,2014-11-27 00:00:00,366.86,426.13991302175305
719,2014-11-30 00:00:00,375.59,436.2805700589876
720,2014-12-03 00:00:00,379.62,443.4763223344633
721,2014-12-06 00:00:00,376.0,439.2473979183346
722,2014-12-09 00:00:00,362.99,424.04897066589444
723,2014-12-12 00:00:00,348.97,407.670650137131
724,2014-12-15 00:00:00,357.8,417.9859547212238
725,2014-12-18 00:00:00,321.34,375.39297565712144
726,2014-12-21 00:00:00,331.52,387.2853653135274
727,2014-12-24 00:00:00,336.95,393.6287519377203
728,2014-12-27 00:00:00,329.94,385.43959167333867
729,2014-12-30 00:00:00,313.4,366.11737900959065
730,2015-01-02 00:00:00,314.81,369.5033999837404
731,2015-01-05 00:00:00,263.17,308.89174350789665
732,2015-01-08 00:00:00,297.99,349.76118344765024
733,2015-01-11 00:00:00,275.97,323.91554681716855
734,2015-01-14 00:00:00,222.0,260.5690886451839
735,2015-01-17 00:00:00,208.13,244.2893892780276
736,2015-01-20 00:00:00,216.01,253.5384181902981
737,2015-01-23 00:00:00,233.51,274.07877427719325
738,2015-01-26 00:00:00,254.32,298.50419200109536
739,2015-01-29 00:00:00,236.2,277.2361204414074
740,2015-02-01 00:00:00,219.25,256.2285064885268
741,2015-02-04 00:00:00,227.53,265.90500379171954
742,2015-02-07 00:00:00,222.36,259.86303627269706
743,2015-02-10 00:00:00,219.93,257.023194672847
744,2015-02-13 00:00:00,222.33,259.8279764998594
745,2015-02-16 00:00:00,234.18,273.676586770733
746,2015-02-19 00:00:00,237.44,277.48641541909154
747,2015-02-22 00:00:00,245.41,286.8006284029618
748,2015-02-25 00:00:00,239.94,280.40806315556273
749,2015-02-28 00:00:00,252.11,294.6306443367047
750,2015-03-03 00:00:00,275.87,320.4905141051758
751,2015-03-06 00:00:00,273.11,317.28409869599653
752,2015-03-09 01:00:00,275.0,319.47979620445625
753,2015-03-12 01:00:00,296.56,344.52701222688563
754,2015-03-15 01:00:00,282.2,327.8443581414456
755,2015-03-18 01:00:00,284.48,330.49313608815896
756,2015-03-21 01:00:00,262.1,304.4932894006836
757,2015-03-24 01:00:00,265.99,309.0124763360848
758,2015-03-27 01:00:00,249.23,289.541634938315
759,2015-03-30 01:00:00,242.34,281.5372138625016
760,2015-04-02 01:00:00,246.49,285.77750497677505
761,2015-04-05 01:00:00,253.67,294.1019095600573
762,2015-04-08 01:00:00,253.9,294.3685687598004
763,2015-04-11 01:00:00,236.0,273.6155266928432
764,2015-04-14 01:00:00,223.01,258.5550788464871
765,2015-04-17 01:00:00,227.5,263.76073018060094
766,2015-04-20 01:00:00,222.61,258.09132371649923
767,2015-04-23 01:00:00,233.59,270.8214020346663
768,2015-04-26 01:00:00,226.29,262.3578709123876
769,2015-04-29 01:00:00,225.2,261.0941381831707
770,2015-05-02 01:00:00,230.97,266.4257719560144
771,2015-05-05 01:00:00,238.25,274.8233111162507
772,2015-05-08 01:00:00,237.16,273.56598725846806
773,2015-05-11 01:00:00,239.11,275.8153281049599
774,2015-05-14 01:00:00,235.97,272.1933125880448
775,2015-05-17 01:00:00,236.63,272.95462795147284
776,2015-05-20 01:00:00,231.4,266.921780450369
777,2015-05-23 01:00:00,238.8,275.45774058577405
778,2015-05-26 01:00:00,235.59,271.7549795000105
779,2015-05-29 01:00:00,236.44,272.73546140745566
780,2015-06-01 01:00:00,228.34,262.47263805429145
781,2015-06-04 01:00:00,225.4,259.09316202784134
782,2015-06-07 01:00:00,224.99,258.62187455476493
783,2015-06-10 01:00:00,228.88,263.0933581407823
784,2015-06-13 01:00:00,229.6,263.92098492277006
785,2015-06-16 01:00:00,236.0,271.2776674293281
786,2015-06-19 01:00:00,248.26,285.37031235595333
787,2015-06-22 01:00:00,243.55,279.9562538237833
788,2015-06-25 01:00:00,240.2,276.10549032425683
789,2015-06-28 01:00:00,251.21,288.76128319881997
790,2015-07-01 01:00:00,262.43,301.63824323078603
791,2015-07-04 01:00:00,256.12,294.3855003477838
792,2015-07-07 01:00:00,268.53,308.64961115254715
793,2015-07-10 01:00:00,269.0,309.189831303896
794,2015-07-13 01:00:00,310.55,356.94759149228594
795,2015-07-16 01:00:00,285.66,328.3389115623456
796,2015-07-19 01:00:00,276.74,318.0862227324914
797,2015-07-22 01:00:00,276.76,318.10921082403814
798,2015-07-25 01:00:00,289.0,332.17792285065406
799,2015-07-28 01:00:00,293.93,337.84448741693
800,2015-07-31 01:00:00,288.45,331.54575033311824
801,2015-08-03 01:00:00,282.26,324.89107151848805
802,2015-08-06 01:00:00,281.0,323.44076772016984
803,2015-08-09 01:00:00,262.22,301.8243349166653
804,2015-08-12 01:00:00,270.98,311.9073994192585
805,2015-08-15 01:00:00,265.93,306.09467387838
806,2015-08-18 01:00:00,256.66,295.4245816478961
807,2015-08-21 01:00:00,235.31,270.8499895097266
808,2015-08-24 01:00:00,228.14,262.59707027643964
809,2015-08-27 01:00:00,225.04,259.02886251867267
810,2015-08-30 01:00:00,229.63,264.31211206968896
811,2015-09-02 01:00:00,227.97,262.81052638214715
812,2015-09-05 01:00:00,230.73,265.9923356237786
813,2015-09-08 01:00:00,240.47,277.22089432431864
814,2015-09-11 01:00:00,238.81,275.30719746159826
815,2015-09-14 01:00:00,230.0,265.1507701359558
816,2015-09-17 01:00:00,228.33,263.2255449788817
817,2015-09-20 01:00:00,230.25,265.43897749479925
818,2015-09-23 01:00:00,230.42,265.63495849881275
819,2015-09-26 01:00:00,235.22,271.1685397886066
820,2015-09-29 01:00:00,239.14,275.6876311752716
821,2015-10-02 01:00:00,238.03,274.5314428308344
822,2015-10-05 01:00:00,238.4,274.9581816194216
823,2015-10-08 01:00:00,243.01,280.27511625560254
824,2015-10-11 01:00:00,245.72,283.4006895449844
825,2015-10-14 01:00:00,249.98,288.3139523541234
826,2015-10-17 01:00:00,262.26,302.477066742909
827,2015-10-20 01:00:00,263.59,304.0110196856684
828,2015-10-23 01:00:00,274.35,316.42104499701486
829,2015-10-26 01:00:00,282.8,326.1668362498844
830,2015-10-29 01:00:00,304.79,351.5289604688906
831,2015-11-01 01:00:00,310.18,358.50219014393093
832,2015-11-04 00:00:00,404.5,467.5160742575926
833,2015-11-07 00:00:00,373.69,431.906259058887
834,2015-11-10 00:00:00,380.62,439.91586695655104
835,2015-11-13 00:00:00,340.81,393.9039635790609
836,2015-11-16 00:00:00,318.97,368.6615629318772
837,2015-11-19 00:00:00,333.66,385.64008241480434
838,2015-11-22 00:00:00,326.31,377.1450437354636
839,2015-11-25 00:00:00,319.64,369.43594060740884
840,2015-11-28 00:00:00,358.0,413.7719520005393
841,2015-12-01 00:00:00,377.27,437.5390918507557
842,2015-12-04 00:00:00,361.47,419.21503308318364
843,2015-12-07 00:00:00,387.3,449.1713899164993
844,2015-12-10 00:00:00,416.49,483.02450861431134
845,2015-12-13 00:00:00,436.2,505.8831920515801
846,2015-12-16 00:00:00,463.98,538.1010624669697
847,2015-12-19 00:00:00,463.0,536.9645069231582
848,2015-12-22 00:00:00,438.35,508.3766557446359
849,2015-12-25 00:00:00,456.0,528.8462530387908
850,2015-12-28 00:00:00,422.42,489.9018294049255
851,2015-12-31 00:00:00,428.23,496.63998012895047
852,2016-01-03 00:00:00,432.76,501.0653379256783
853,2016-01-06 00:00:00,432.43,500.68325186986107
854,2016-01-09 00:00:00,452.64,524.0831281973358
855,2016-01-12 00:00:00,447.98,518.6876099545831
856,2016-01-15 00:00:00,429.55,497.348682655456
857,2016-01-18 00:00:00,380.16,440.163136301474
858,2016-01-21 00:00:00,420.35,486.6965865538841
859,2016-01-24 00:00:00,385.09,445.8712704080771
860,2016-01-27 00:00:00,391.66,453.47825642843884
861,2016-01-30 00:00:00,378.18,437.8706199665704
862,2016-02-02 00:00:00,371.99,430.34940133523963
863,2016-02-05 00:00:00,388.0,448.87111943351425
864,2016-02-08 00:00:00,375.0,433.8316231638347
865,2016-02-11 00:00:00,379.14,438.6211242835634
866,2016-02-14 00:00:00,389.88,451.04606197097564
867,2016-02-17 00:00:00,407.0,470.85192167381524
868,2016-02-20 00:00:00,419.98,485.86828025692614
869,2016-02-23 00:00:00,436.76,505.2807992880971
870,2016-02-26 00:00:00,423.46,489.89423771988646
871,2016-02-29 00:00:00,431.89,499.64677260860947
872,2016-03-03 00:00:00,422.5,486.68795038046125
873,2016-03-06 00:00:00,399.17,459.81356012631653
874,2016-03-09 00:00:00,412.15,474.76553550131854
875,2016-03-12 00:00:00,420.11,483.93485167890077
876,2016-03-15 01:00:00,414.99,478.03700006718964
877,2016-03-18 01:00:00,418.49,482.0687345673828
878,2016-03-21 01:00:00,411.81,474.3738812927284
879,2016-03-24 01:00:00,417.96,481.4582147716392
880,2016-03-27 01:00:00,416.96,480.30629062872686
881,2016-03-30 01:00:00,415.83,479.0046163472359
882,2016-04-02 01:00:00,416.31,477.2946535373504
883,2016-04-05 01:00:00,419.71,481.1927146505281
884,2016-04-08 01:00:00,419.95,481.4678719055759
885,2016-04-11 01:00:00,420.75,482.38506275573536
886,2016-04-14 01:00:00,423.87,485.96210707135725
887,2016-04-17 01:00:00,430.58,493.6550453270696
888,2016-04-20 01:00:00,435.95,499.8116889087649
889,2016-04-23 01:00:00,447.7,513.2829295204818
890,2016-04-26 01:00:00,462.5,530.2509602484316
891,2016-04-29 01:00:00,449.98,515.8969234434362
892,2016-05-02 01:00:00,453.0,517.2665664844794
893,2016-05-05 01:00:00,446.84,510.2326546753306
894,2016-05-08 01:00:00,459.02,524.140616661602
895,2016-05-11 01:00:00,450.78,514.7316177480653
896,2016-05-14 01:00:00,455.82,520.4866365010053
897,2016-05-17 01:00:00,454.0,518.4084352846659
898,2016-05-20 01:00:00,436.05,497.9118903213184
899,2016-05-23 01:00:00,438.47,500.6752128177697
900,2016-05-26 01:00:00,448.7,512.3565306436775
901,2016-05-29 01:00:00,526.64,601.3537849302124
902,2016-06-01 01:00:00,531.97,605.4514214705956
903,2016-06-04 01:00:00,567.88,646.3216971346538
904,2016-06-07 01:00:00,583.72,664.3496884050155
905,2016-06-10 01:00:00,574.32,653.6512592420484
906,2016-06-13 01:00:00,665.85,757.8243678895353
907,2016-06-16 01:00:00,693.88,789.7261731488934
908,2016-06-19 01:00:00,751.96,855.828807806886
909,2016-06-22 01:00:00,664.46,756.2423661303307
910,2016-06-25 01:00:00,665.0,756.8569567418201
911,2016-06-28 01:00:00,651.85,741.8905372212864
912,2016-07-01 01:00:00,667.95,761.4465668999453
913,2016-07-04 01:00:00,656.97,748.9296370330968
914,2016-07-07 01:00:00,673.76,768.0698239606364
915,2016-07-10 01:00:00,647.41,738.0314722309955
916,2016-07-13 01:00:00,664.5,757.5136517778479
917,2016-07-16 01:00:00,663.19,756.0202840068489
918,2016-07-19 01:00:00,673.46,767.7278313413236
919,2016-07-22 01:00:00,664.0,756.9436640789934
920,2016-07-25 01:00:00,661.48,754.0709260767659
921,2016-07-28 01:00:00,655.37,747.1056763967619
922,2016-07-31 01:00:00,654.68,746.3190933723424
923,2016-08-03 01:00:00,530.74,604.4753741971111
924,2016-08-06 01:00:00,572.72,652.287629178448
925,2016-08-09 01:00:00,591.69,673.8931193403337
926,2016-08-12 01:00:00,586.01,667.4240005148454
927,2016-08-15 01:00:00,567.34,646.1601891641652
928,2016-08-18 01:00:00,570.92,650.2375563112157
929,2016-08-21 01:00:00,577.52,657.7544901577337
930,2016-08-24 01:00:00,581.98,662.8341151509867
931,2016-08-27 01:00:00,577.77,658.0392225004048
932,2016-08-30 01:00:00,571.5,650.8981353462128
933,2016-09-02 01:00:00,571.0,648.7690325894263
934,2016-09-05 01:00:00,603.95,686.2067552230893
935,2016-09-08 01:00:00,615.33,699.136687956658
936,2016-09-11 01:00:00,621.65,706.3174590354059
937,2016-09-14 01:00:00,608.82,691.7400392663652
938,2016-09-17 01:00:00,607.04,689.7176069055785
939,2016-09-20 01:00:00,608.66,691.5582475934855
940,2016-09-23 01:00:00,594.08,674.9924814023229
941,2016-09-26 01:00:00,598.98,680.5598513842638
942,2016-09-29 01:00:00,603.85,686.0931354275396
943,2016-10-02 01:00:00,612.98,695.5993852620084
944,2016-10-05 01:00:00,607.18,689.0176428976249
945,2016-10-08 01:00:00,614.74,697.5966036346488
946,2016-10-11 01:00:00,614.77,697.6306471296368
947,2016-10-14 01:00:00,634.02,719.4752230803916
948,2016-10-17 01:00:00,638.97,725.0923997534429
949,2016-10-20 01:00:00,627.72,712.3260891328719
950,2016-10-23 01:00:00,653.25,741.297103367821
951,2016-10-26 01:00:00,651.45,739.2544936685296
952,2016-10-29 01:00:00,685.91,778.3591215782963
953,2016-11-01 01:00:00,697.01,792.1874312728659
954,2016-11-04 01:00:00,683.69,777.0485715943038
955,2016-11-07 00:00:00,709.96,806.905767071468
956,2016-11-10 00:00:00,721.5,820.0215659221141
957,2016-11-13 00:00:00,702.28,798.1770551847293
958,2016-11-16 00:00:00,711.73,808.9174623891147
959,2016-11-19 00:00:00,748.98,851.2539881418504
960,2016-11-22 00:00:00,736.97,837.6040103085521
961,2016-11-25 00:00:00,735.64,836.0923974427498
962,2016-11-28 00:00:00,727.31,826.6249273885138
963,2016-12-01 00:00:00,742.05,843.1017242950395
964,2016-12-04 00:00:00,762.97,866.8705917194077
965,2016-12-07 00:00:00,758.99,862.3485987772956
966,2016-12-10 00:00:00,769.08,873.8126462109415
967,2016-12-13 00:00:00,777.99,883.9360022697903
968,2016-12-16 00:00:00,775.88,881.5386643029922
969,2016-12-19 00:00:00,788.67,896.0703953908346
970,2016-12-22 00:00:00,834.97,948.6754891646509
971,2016-12-25 00:00:00,892.6,1014.1534924947812
972,2016-12-28 00:00:00,930.34,1057.032892905663
973,2016-12-31 00:00:00,958.12,1088.5959491699527
974,2017-01-03 00:00:00,1013.42,1144.7553325454314
975,2017-01-06 00:00:00,999.65,1129.2007935298695
976,2017-01-09 00:00:00,910.49,1028.4860006012213
977,2017-01-12 00:00:00,780.92,882.1242271628527
978,2017-01-15 00:00:00,819.55,925.7605265216871
979,2017-01-18 00:00:00,906.6,1024.091871569229
980,2017-01-21 00:00:00,895.64,1011.7114977413019
981,2017-01-24 00:00:00,919.97,1039.1945721239176
982,2017-01-27 00:00:00,915.05,1033.6369590551765
983,2017-01-30 00:00:00,912.19,1030.4063140599328
984,2017-02-02 00:00:00,983.42,1107.383489530096
985,2017-02-05 00:00:00,1034.07,1164.41809706777
986,2017-02-08 00:00:00,1052.84,1185.5541204336564
987,2017-02-11 00:00:00,997.59,1123.3396669991748
988,2017-02-14 00:00:00,1001.2,1127.404719974713
989,2017-02-17 00:00:00,1035.2,1165.6905374728553
990,2017-02-20 00:00:00,1050.87,1183.3357951256755
991,2017-02-23 00:00:00,1130.01,1272.4516656198816
992,2017-02-26 00:00:00,1150.37,1295.3781139805337
993,2017-03-01 00:00:00,1190.89,1339.9167185532465
994,2017-03-04 00:00:00,1287.0,1448.0538225848131
995,2017-03-07 00:00:00,1279.5,1439.615280495158
996,2017-03-10 00:00:00,1192.09,1341.266885287591
997,2017-03-13 01:00:00,1227.68,1381.310580350368
998,2017-03-16 01:00:00,1257.0,1414.2996542261926
999,2017-03-19 01:00:00,967.69,1088.785705965111
1000,2017-03-22 01:00:00,1113.0,1252.2796461048151
1001,2017-03-25 01:00:00,927.93,1044.0501815004861
1002,2017-03-28 01:00:00,1041.04,1171.3146476019376
1003,2017-03-31 01:00:00,1034.74,1164.2262722466273
1004,2017-04-03 01:00:00,1079.99,1211.545929642898
1005,2017-04-06 01:00:00,1133.53,1271.6077534311562
1006,2017-04-09 01:00:00,1184.03,1328.2592682108914
1007,2017-04-12 01:00:00,1219.09,1367.5900030262876
1008,2017-04-15 01:00:00,1170.36,1312.9240957942777
1009,2017-04-18 01:00:00,1176.97,1320.339274263467
1010,2017-04-21 01:00:00,1236.63,1387.2665885557249
1011,2017-04-24 01:00:00,1240.84,1391.9894178076588
1012,2017-04-27 01:00:00,1288.02,1444.916516170192
1013,2017-04-30 01:00:00,1333.0,1495.3756277502412
1014,2017-05-03 01:00:00,1447.55,1622.4924325693714
1015,2017-05-06 01:00:00,1518.75,1702.2972484299216
1016,2017-05-09 01:00:00,1651.1,1850.6422958898063
1017,2017-05-12 01:00:00,1829.0,2050.042250125647
1018,2017-05-15 01:00:00,1780.0,1995.1203965137515
1019,2017-05-18 01:00:00,1783.98,1999.581396052024
1020,2017-05-21 01:00:00,2008.84,2251.6166614228564
1021,2017-05-24 01:00:00,2256.32,2529.005647787589
1022,2017-05-27 01:00:00,2279.82,2555.3457204381916
1023,2017-05-30 01:00:00,2290.02,2566.7784328227085
1024,2017-06-02 01:00:00,2409.93,2698.7320050621543
1025,2017-06-05 01:00:00,2529.53,2832.664670245555
1026,2017-06-08 01:00:00,2683.03,3004.559855075422
1027,2017-06-11 01:00:00,2898.63,3245.997000673593
1028,2017-06-14 01:00:00,2706.0,3030.282541691331
1029,2017-06-17 01:00:00,2477.94,2774.892210405993
1030,2017-06-20 01:00:00,2600.0,2911.5796779000225
1031,2017-06-23 01:00:00,2713.48,3038.658932456982
1032,2017-06-26 01:00:00,2502.03,2801.869115960075
1033,2017-06-29 01:00:00,2558.3,2864.8824192198567
1034,2017-07-02 01:00:00,2421.26,2713.2917348214364
1035,2017-07-05 01:00:00,2598.89,2912.3459507488174
1036,2017-07-08 01:00:00,2502.86,2804.733631008309
1037,2017-07-11 01:00:00,2327.09,2607.7637524204815
1038,2017-07-14 01:00:00,2338.49,2620.538723211295
1039,2017-07-17 01:00:00,1910.96,2141.4437002116133
1040,2017-07-20 01:00:00,2265.21,2538.4203144787693
1041,2017-07-23 01:00:00,2825.51,3166.2989227325097
1042,2017-07-26 01:00:00,2564.3,2873.5839999019554
1043,2017-07-29 01:00:00,2784.8,3120.678829671632
1044,2017-08-01 01:00:00,2862.9,3198.6204692915826
1045,2017-08-04 01:00:00,2790.0,3117.171787112199
1046,2017-08-07 01:00:00,3210.2,3586.646907164007
1047,2017-08-10 01:00:00,3340.28,3731.9808519910885
1048,2017-08-13 01:00:00,3868.52,4322.1653770176645
1049,2017-08-16 01:00:00,4179.97,4670.137833324508
1050,2017-08-19 01:00:00,4104.71,4586.052403683625
1051,2017-08-22 01:00:00,3986.28,4453.734606283017
1052,2017-08-25 01:00:00,4331.77,4839.738792924377
1053,2017-08-28 01:00:00,4339.05,4847.872488483579
1054,2017-08-31 01:00:00,4582.52,5119.893210708744
1055,2017-09-03 01:00:00,4585.57,5096.3163561152105
1056,2017-09-06 01:00:00,4385.02,4873.428853532346
1057,2017-09-09 01:00:00,4312.26,4792.564756359925
1058,2017-09-12 01:00:00,4198.59,4666.23405369927
1059,2017-09-15 01:00:00,3216.43,3574.6798799930316
1060,2017-09-18 01:00:00,3678.53,4088.2491392477896
1061,2017-09-21 01:00:00,3894.48,4328.251912535096
1062,2017-09-24 01:00:00,3777.62,4198.375903799951
1063,2017-09-27 01:00:00,3881.0,4313.270493762637
1064,2017-09-30 01:00:00,4164.27,4628.091450415082
1065,2017-10-03 01:00:00,4394.07,4886.5753749042215
1066,2017-10-06 01:00:00,4318.58,4802.624146304877
1067,2017-10-09 01:00:00,4605.66,5121.8812493158675
1068,2017-10-12 01:00:00,4822.17,5362.658577492368
1069,2017-10-15 01:00:00,5825.99,6478.99083729623
1070,2017-10-18 01:00:00,5594.66,6221.732422779258
1071,2017-10-21 01:00:00,5986.44,6657.424730908162
1072,2017-10-24 01:00:00,5900.59,6561.952311047867
1073,2017-10-27 01:00:00,5889.82,6549.9751653065105
1074,2017-10-30 01:00:00,6136.49,6824.2929498952
1075,2017-11-02 01:00:00,6751.98,7508.586947691035
1076,2017-11-05 01:00:00,7365.99,8191.401095800445
1077,2017-11-08 00:00:00,7128.64,7927.454355431773
1078,2017-11-11 00:00:00,6569.22,7305.347401578633
1079,2017-11-14 00:00:00,6493.63,7221.287009312074
1080,2017-11-17 00:00:00,7868.77,8750.52113844869
1081,2017-11-20 00:00:00,8049.72,8951.747861304015
1082,2017-11-23 00:00:00,8236.72,9159.702529300397
1083,2017-11-26 00:00:00,8768.8,9751.405843458237
1084,2017-11-29 00:00:00,9919.0,11030.493860193214
1085,2017-12-02 00:00:00,10879.88,12106.163630315912
1086,2017-12-05 00:00:00,11591.22,12897.679569534812
1087,2017-12-08 00:00:00,16860.88,18761.288932517728
1088,2017-12-11 00:00:00,15068.95,16767.388467248627
1089,2017-12-14 00:00:00,16252.31,18084.1263167075
1090,2017-12-17 00:00:00,19279.9,21452.95942382892
1091,2017-12-20 00:00:00,17382.94,19342.19090798462
1092,2017-12-23 00:00:00,13776.61,15329.387358228814
1093,2017-12-26 00:00:00,13740.94,15289.696952020899
1094,2017-12-29 00:00:00,14214.01,15816.087208953286
1095,2018-01-01 00:00:00,13796.0,15267.787805557015
1096,2018-01-04 00:00:00,15039.24,16643.659399597364
1097,2018-01-07 00:00:00,17155.95,18986.184705910833
1098,2018-01-10 00:00:00,14437.42,15977.635910387426
1099,2018-01-13 00:00:00,13791.19,15262.464664114223
1100,2018-01-16 00:00:00,13554.14,15000.12564560833
1101,2018-01-19 00:00:00,11174.82,12366.974523433939
1102,2018-01-22 00:00:00,11513.42,12741.697120633244
1103,2018-01-25 00:00:00,11392.03,12607.35696684109
1104,2018-01-28 00:00:00,11431.37,12650.893845086277
1105,2018-01-31 00:00:00,10082.52,11158.145542569202
1106,2018-02-03 00:00:00,8852.73,9752.932299962647
1107,2018-02-06 00:00:00,6925.46,7629.68513962352
1108,2018-02-09 00:00:00,8245.08,9083.492555152596
1109,2018-02-12 00:00:00,8068.02,8888.427960046749
1110,2018-02-15 00:00:00,9471.64,10434.777033708044
1111,2018-02-18 00:00:00,11085.83,12213.10821395151
1112,2018-02-21 00:00:00,11245.98,12389.543291926213
1113,2018-02-24 00:00:00,10171.3,11205.58294476507
1114,2018-02-27 00:00:00,10319.46,11368.808802727806
1115,2018-03-02 00:00:00,10931.12,12015.49775679813
1116,2018-03-05 00:00:00,11516.83,12659.310759595119
1117,2018-03-08 00:00:00,9920.46,10904.579299870968
1118,2018-03-11 00:00:00,8777.37,9648.093657885669
1119,2018-03-14 01:00:00,9153.54,10061.580088477845
1120,2018-03-17 01:00:00,8297.89,9121.048774613912
1121,2018-03-20 01:00:00,8605.64,9459.327874528157
1122,2018-03-23 01:00:00,8725.37,9590.935207209663
1123,2018-03-26 01:00:00,8457.96,9296.9978746083
1124,2018-03-29 01:00:00,7950.61,8739.318260176153
1125,2018-04-01 01:00:00,6937.56,7595.579588578545
1126,2018-04-04 01:00:00,7426.48,8130.873088374989
1127,2018-04-07 01:00:00,6634.68,7263.971768856817
1128,2018-04-10 01:00:00,6784.41,7427.90348718399
1129,2018-04-13 01:00:00,7941.46,8694.698349205335
1130,2018-04-16 01:00:00,8368.1,9161.804662616845
1131,2018-04-19 01:00:00,8175.96,8951.44040455645
1132,2018-04-22 01:00:00,8930.6,9777.657140804484
1133,2018-04-25 01:00:00,9658.11,10574.170627748998
1134,2018-04-28 01:00:00,8928.55,9775.412700661755
1135,2018-05-01 01:00:00,9239.55,10074.013706933558
1136,2018-05-04 01:00:00,9753.35,10634.217206305548
1137,2018-05-07 01:00:00,9631.44,10501.296987137703
1138,2018-05-10 01:00:00,9310.37,10151.229767317996
1139,2018-05-13 01:00:00,8463.52,9227.89708253176
1140,2018-05-16 01:00:00,8471.06,9236.118052530326
1141,2018-05-19 01:00:00,8239.08,8983.1869357839
1142,2018-05-22 01:00:00,8396.63,9154.965957438351
1143,2018-05-25 01:00:00,7576.78,8261.071759384391
1144,2018-05-28 01:00:00,7344.56,8007.878967200344
1145,2018-05-31 01:00:00,7386.72,8053.846619075632
1146,2018-06-03 01:00:00,7637.14,8313.63223553409
1147,2018-06-06 01:00:00,7619.43,8294.353496779622
1148,2018-06-09 01:00:00,7615.54,8290.11892344507
1149,2018-06-12 01:00:00,6879.31,7488.6742123664135
1150,2018-06-15 01:00:00,6637.41,7225.346888554659
1151,2018-06-18 01:00:00,6445.79,7016.753330105679
1152,2018-06-21 01:00:00,6760.83,7359.699341241086
1153,2018-06-24 01:00:00,6170.46,6717.034801519114
1154,2018-06-27 01:00:00,6097.46,6637.568515292334
1155,2018-06-30 01:00:00,6223.28,6774.533558210875
1156,2018-07-03 01:00:00,6626.44,7212.918567018245
1157,2018-07-06 01:00:00,6555.51,7135.710848551225
1158,2018-07-09 01:00:00,6724.04,7319.156735950732
1159,2018-07-12 01:00:00,6403.18,6969.898755585185
1160,2018-07-15 01:00:00,6248.84,6801.8987659024
1161,2018-07-18 01:00:00,7321.62,7969.626049379777
1162,2018-07-21 01:00:00,7334.99,7984.179372316532
1163,2018-07-24 01:00:00,7715.1,8397.931323063738
1164,2018-07-27 01:00:00,7939.81,8642.529467949176
1165,2018-07-30 01:00:00,8220.91,8948.508456544685
1166,2018-08-02 01:00:00,7607.7,8276.427890983796
1167,2018-08-05 01:00:00,7011.28,7627.581705837095
1168,2018-08-08 01:00:00,6718.23,7308.772184765969
1169,2018-08-11 01:00:00,6138.96,6678.583509553989
1170,2018-08-14 01:00:00,6252.13,6801.7013170940645
1171,2018-08-17 01:00:00,6312.75,6867.649903230669
1172,2018-08-20 01:00:00,6486.58,7056.759812965504
1173,2018-08-23 01:00:00,6354.57,6913.145942033583
1174,2018-08-26 01:00:00,6738.27,7330.573729902518
1175,2018-08-29 01:00:00,7078.19,7700.373192118852
1176,2018-09-01 01:00:00,7018.78,7626.8783420945265
1177,2018-09-04 01:00:00,7265.08,7894.517466793959
1178,2018-09-07 01:00:00,6501.19,7064.444990274878
1179,2018-09-10 01:00:00,6240.98,6781.690720530504
1180,2018-09-13 01:00:00,6326.04,6874.120212803885
1181,2018-09-16 01:00:00,6522.39,7087.481731824323
1182,2018-09-19 01:00:00,6342.39,6891.886756404519
1183,2018-09-22 01:00:00,6756.12,7341.461807406938
1184,2018-09-25 01:00:00,6583.45,7153.831894041729
1185,2018-09-28 01:00:00,6686.08,7265.353629193588
1186,2018-10-01 01:00:00,6611.02,7171.120850188821
1187,2018-10-04 01:00:00,6483.73,7033.046548035669
1188,2018-10-07 01:00:00,6573.62,7130.552235996599
1189,2018-10-10 01:00:00,6626.85,7188.2920042707165
1190,2018-10-13 01:00:00,6247.0,6776.26023686656
1191,2018-10-16 01:00:00,6599.17,7158.266890879254
1192,2018-10-19 01:00:00,6509.61,7061.1191612788425
1193,2018-10-22 01:00:00,6504.78,7055.879952547601
1194,2018-10-25 01:00:00,6489.77,7039.598270755483
1195,2018-10-28 01:00:00,6457.21,7004.2797125175475
1196,2018-10-31 01:00:00,6301.61,6835.496921921032
1197,2018-11-03 01:00:00,6390.42,6955.126251596981
1198,2018-11-06 00:00:00,6437.76,7006.649575064077
1199,2018-11-09 00:00:00,6444.97,7014.496705655497
1200,2018-11-12 00:00:00,6408.53,6974.8365893238315
1201,2018-11-15 00:00:00,5756.77,6265.482104682627
1202,2018-11-18 00:00:00,5572.44,6064.863299978574
1203,2018-11-21 00:00:00,4491.98,4888.9256135979485
1204,2018-11-24 00:00:00,4352.98,4737.642513430514
1205,2018-11-27 00:00:00,3793.35,4128.559338274386
1206,2018-11-30 00:00:00,4278.77,4656.874751823138
1207,2018-12-03 00:00:00,4140.6,4520.934694088754
1208,2018-12-06 00:00:00,3744.98,4088.9750303503124
1209,2018-12-09 00:00:00,3453.66,3770.895840116545
1210,2018-12-12 00:00:00,3407.28,3720.255606548503
1211,2018-12-15 00:00:00,3242.42,3540.252395983012
1212,2018-12-18 00:00:00,3556.54,3883.225879562
1213,2018-12-21 00:00:00,4135.19,4515.02775869412
1214,2018-12-24 00:00:00,3995.17,4362.146225615266
1215,2018-12-27 00:00:00,3848.21,4201.687219035715
1216,2018-12-30 00:00:00,3770.36,4116.68630952144
1217,2019-01-02 00:00:00,3855.88,4202.050131896772
1218,2019-01-05 00:00:00,3856.62,4202.856567028985
1219,2019-01-08 00:00:00,4032.25,4394.254137665269
1220,2019-01-11 00:00:00,3646.25,3973.600136266845
1221,2019-01-14 00:00:00,3531.96,3849.049499427918
1222,2019-01-17 00:00:00,3621.43,3946.551866021485
1223,2019-01-20 00:00:00,3703.98,4036.5129743516404
1224,2019-01-23 00:00:00,3587.35,3909.4122588513856
1225,2019-01-26 00:00:00,3577.79,3898.993988764938
1226,2019-01-29 00:00:00,3448.58,3758.1838760170353
1227,2019-02-01 00:00:00,3444.81,3738.27353506662
1228,2019-02-04 00:00:00,3456.02,3750.4385155236255
1229,2019-02-07 00:00:00,3405.7,3695.831752223312
1230,2019-02-10 00:00:00,3664.38,3976.548714276672
1231,2019-02-13 00:00:00,3632.42,3941.866040288635
1232,2019-02-16 00:00:00,3608.2,3915.582737285185
1233,2019-02-19 00:00:00,3910.8,4243.961246320853
1234,2019-02-22 00:00:00,3944.88,4280.944523214229
1235,2019-02-25 00:00:00,3766.89,4087.7915462702153
1236,2019-02-28 00:00:00,3833.23,4159.783054166534
1237,2019-03-03 00:00:00,3831.44,4134.516276032447
1238,2019-03-06 00:00:00,3872.25,4178.554446857223
1239,2019-03-09 00:00:00,3875.96,4182.557916932204
1240,2019-03-12 01:00:00,3881.09,4188.093712480626
1241,2019-03-15 01:00:00,3885.21,4192.5396145585
1242,2019-03-18 01:00:00,3994.92,4310.927943918616
1243,2019-03-21 01:00:00,4056.4,4377.271162303995
1244,2019-03-24 01:00:00,4011.92,4329.272685502081
1245,2019-03-27 01:00:00,3947.74,4260.01589051227
1246,2019-03-30 01:00:00,4115.55,4441.100071989993
1247,2019-04-02 01:00:00,4152.53,4457.403322663452
1248,2019-04-05 01:00:00,4911.24,5271.81681875812
1249,2019-04-08 01:00:00,5189.39,5570.3882280432645
1250,2019-04-11 01:00:00,5310.18,5700.046471895691
1251,2019-04-14 01:00:00,5064.62,5436.457777795169
1252,2019-04-17 01:00:00,5196.65,5578.1812477499325
1253,2019-04-20 01:00:00,5277.04,5664.473376430259
1254,2019-04-23 01:00:00,5377.19,5771.976258471989
1255,2019-04-26 01:00:00,5195.61,5577.06489230986
1256,2019-04-29 01:00:00,5301.29,5690.503779720444
1257,2019-05-02 01:00:00,5326.67,5705.6012983615265
1258,2019-05-05 01:00:00,5771.08,6181.625957858894
1259,2019-05-08 01:00:00,5755.72,6165.1732705434
1260,2019-05-11 01:00:00,6348.02,6799.608602377271
1261,2019-05-14 01:00:00,7823.11,8379.63428806835
1262,2019-05-17 01:00:00,7885.96,8446.955342611249
1263,2019-05-20 01:00:00,8193.7,8776.587503709605
1264,2019-05-23 01:00:00,7625.93,8168.42719920966
1265,2019-05-26 01:00:00,8071.45,8645.640822438812
1266,2019-05-29 01:00:00,8719.88,9340.199158115052
1267,2019-06-01 01:00:00,8553.81,9160.490901957111
1268,2019-06-04 01:00:00,8134.92,8711.891034305057
1269,2019-06-07 01:00:00,7803.23,8356.675846304603
1270,2019-06-10 01:00:00,7640.61,8182.521986156171
1271,2019-06-13 01:00:00,8173.06,8752.736122400378
1272,2019-06-16 01:00:00,8859.47,9487.829906341382
1273,2019-06-19 01:00:00,9076.18,9719.910111929667
1274,2019-06-22 01:00:00,10209.38,10933.482577310331
1275,2019-06-25 01:00:00,11017.5,11798.91867043019
1276,2019-06-28 01:00:00,11132.85,11922.449895175743
1277,2019-07-01 01:00:00,10737.73,11480.123304270552
1278,2019-07-04 01:00:00,11984.76,12813.371408304132
1279,2019-07-07 01:00:00,11232.04,12008.609283200361
1280,2019-07-10 01:00:00,12586.78,13457.014322741074
1281,2019-07-13 01:00:00,11803.97,12620.081812441778
1282,2019-07-16 01:00:00,10873.5,11625.28027329667
1283,2019-07-19 01:00:00,10638.56,11374.096813747461
1284,2019-07-22 01:00:00,10587.41,11319.410366331347
1285,2019-07-25 01:00:00,9772.17,10447.805686145355
1286,2019-07-28 01:00:00,9473.99,10129.009891608948
1287,2019-07-31 01:00:00,9589.13,10252.110528079946
1288,2019-08-03 01:00:00,10529.55,11258.120426959986
1289,2019-08-06 01:00:00,11787.99,12603.63557908933
1290,2019-08-09 01:00:00,11996.41,12826.476769775256
1291,2019-08-12 01:00:00,11566.84,12367.18356239135
1292,2019-08-15 01:00:00,10016.96,10710.062822441709
1293,2019-08-18 01:00:00,10214.52,10921.292577896618
1294,2019-08-21 01:00:00,10760.56,11505.114685957951
1295,2019-08-24 01:00:00,10405.81,11125.818493673944
1296,2019-08-27 01:00:00,10360.28,11077.138139524006
1297,2019-08-30 01:00:00,9484.55,10140.813814030354
1298,2019-09-02 01:00:00,9769.79,10437.613072569999
1299,2019-09-05 01:00:00,10584.16,11307.650090551839
1300,2019-09-08 01:00:00,10487.21,11204.072983225515
1301,2019-09-11 01:00:00,10101.03,10791.495290525358
1302,2019-09-14 01:00:00,10363.9,11072.334013608091
1303,2019-09-17 01:00:00,10265.63,10967.346676455352
1304,2019-09-20 01:00:00,10275.88,10978.297324728635
1305,2019-09-23 01:00:00,10033.05,10718.86845446508
1306,2019-09-26 01:00:00,8432.23,9008.62291604189
1307,2019-09-29 01:00:00,8225.0,8787.227516854326
1308,2019-10-02 01:00:00,8322.92,8871.558855393128
1309,2019-10-05 01:00:00,8155.48,8693.081372160437
1310,2019-10-08 01:00:00,8212.02,8753.34843440349
1311,2019-10-11 01:00:00,8586.9,9152.940162271805
1312,2019-10-14 01:00:00,8283.76,8829.817465979653
1313,2019-10-17 01:00:00,8002.51,8530.027737365259
1314,2019-10-20 01:00:00,7960.04,8484.758155945692
1315,2019-10-23 01:00:00,8026.76,8555.876273965789
1316,2019-10-26 01:00:00,8666.79,9238.09643398382
1317,2019-10-29 01:00:00,9218.76,9826.451763773286
1318,2019-11-01 01:00:00,9147.98,9756.237728997541
1319,2019-11-04 00:00:00,9206.16,9818.28617150322
1320,2019-11-07 00:00:00,9343.34,9964.587397748124
1321,2019-11-10 00:00:00,8809.41,9395.155893673602
1322,2019-11-13 00:00:00,8801.52,9386.741280209013
1323,2019-11-16 00:00:00,8457.69,9020.049702575348
1324,2019-11-19 00:00:00,8175.99,8719.61920663432
1325,2019-11-22 00:00:00,7617.07,8123.5360941339295
1326,2019-11-25 00:00:00,6907.4,7366.679473422288
1327,2019-11-28 00:00:00,7523.83,8024.0964795029695
1328,2019-12-01 00:00:00,7557.72,8067.57949520185
1329,2019-12-04 00:00:00,7296.77,7789.025265980216
1330,2019-12-07 00:00:00,7547.19,8056.339119521819
1331,2019-12-10 00:00:00,7337.42,7832.417599445859
1332,2019-12-13 00:00:00,7189.16,7674.155671780025
1333,2019-12-16 00:00:00,7111.14,7590.872280464172
1334,2019-12-19 00:00:00,7284.29,7775.703339248329
1335,2019-12-22 00:00:00,7143.2,7625.095114680863
1336,2019-12-25 00:00:00,7250.69,7739.836613431709
1337,2019-12-28 00:00:00,7243.93,7732.62056978527
1338,2019-12-31 00:00:00,7219.6,7706.649217430558
1339,2020-01-03 00:00:00,6944.33,7384.160088924724
1340,2020-01-06 00:00:00,7351.57,7817.193276376026
1341,2020-01-09 00:00:00,8042.65,8552.043917727187
1342,2020-01-12 00:00:00,8021.49,8529.5437157665
1343,2020-01-15 00:00:00,8842.42,9402.468611588125
1344,2020-01-18 00:00:00,8900.34,9464.05706610433
1345,2020-01-21 00:00:00,8626.47,9172.841077873092
1346,2020-01-24 00:00:00,8388.11,8919.38417147664
1347,2020-01-27 00:00:00,8588.42,9132.38112113377
1348,2020-01-30 00:00:00,9279.81,9867.561396823672
1349,2020-02-02 00:00:00,9378.09,9944.811185721244
1350,2020-02-05 00:00:00,9162.14,9715.811253372918
1351,2020-02-08 00:00:00,9807.54,10400.212996080068
1352,2020-02-11 00:00:00,9854.79,10450.318329738131
1353,2020-02-14 00:00:00,10242.43,10861.383547499208
1354,2020-02-17 00:00:00,9937.67,10538.206796480566
1355,2020-02-20 00:00:00,9604.72,10185.136514121803
1356,2020-02-23 00:00:00,9669.63,10253.969047619048
1357,2020-02-26 00:00:00,9309.15,9871.705117945863
1358,2020-02-29 00:00:00,8712.35,9238.840289858435
1359,2020-03-03 00:00:00,8912.82,9472.040192162407
1360,2020-03-06 00:00:00,9067.39,9636.308431900508
1361,2020-03-09 01:00:00,8039.38,8543.797639811712
1362,2020-03-12 01:00:00,7936.65,8434.622015380739
1363,2020-03-15 01:00:00,5166.26,5490.408463669295
1364,2020-03-18 01:00:00,5357.61,5693.764403850996
1365,2020-03-21 01:00:00,6226.44,6617.107709354356
1366,2020-03-24 01:00:00,6502.16,6910.127306045754
1367,2020-03-27 01:00:00,6763.75,7188.1303391898955
1368,2020-03-30 01:00:00,5885.41,6254.680344420122
1369,2020-04-02 01:00:00,6652.87,7117.890274933792
1370,2020-04-05 01:00:00,6871.69,7352.005288448412
1371,2020-04-08 01:00:00,7205.55,7709.201332740484
1372,2020-04-11 01:00:00,6873.24,7353.663629874916
1373,2020-04-14 01:00:00,6857.66,7336.994623794312
1374,2020-04-17 01:00:00,7112.27,7609.4012757957635
1375,2020-04-20 01:00:00,7130.04,7628.413357827363
1376,2020-04-23 01:00:00,7130.99,7629.4297606371565
1377,2020-04-26 01:00:00,7549.52,8077.214042724142
1378,2020-04-29 01:00:00,7765.33,8308.10866417826
1379,2020-05-02 01:00:00,8824.66,9441.29926831361
1380,2020-05-05 01:00:00,8885.93,9506.850621699416
1381,2020-05-08 01:00:00,10002.48,10701.421596449214
1382,2020-05-11 01:00:00,8754.46,9366.193914834199
1383,2020-05-14 01:00:00,9305.93,9956.19889037965
1384,2020-05-17 01:00:00,9385.7,10041.542965123988
1385,2020-05-20 01:00:00,9785.74,10469.53649227361
1386,2020-05-23 01:00:00,9167.26,9807.83907033706
1387,2020-05-26 01:00:00,8899.66,9521.540030577939
1388,2020-05-29 01:00:00,9569.21,10237.876062232344
1389,2020-06-01 01:00:00,9450.84,10056.206706827465
1390,2020-06-04 01:00:00,9658.04,10276.67875266198
1391,2020-06-07 01:00:00,9670.43,10289.862385132486
1392,2020-06-10 01:00:00,9775.15,10401.290148838038
1393,2020-06-13 01:00:00,9459.97,10065.921522360615
1394,2020-06-16 01:00:00,9426.7,10030.520436622613
1395,2020-06-19 01:00:00,9380.03,9980.861023596084
1396,2020-06-22 01:00:00,9284.78,9879.509853877275
1397,2020-06-25 01:00:00,9276.58,9870.784608820117
1398,2020-06-28 01:00:00,9004.23,9580.989426952212
1399,2020-07-01 01:00:00,9133.97,9670.12597674266
1400,2020-07-04 01:00:00,9072.42,9604.963046070838
1401,2020-07-07 01:00:00,9348.91,9897.682765022135
1402,2020-07-10 01:00:00,9238.04,9780.304793883466
1403,2020-07-13 01:00:00,9295.9,9841.561124812331
1404,2020-07-16 01:00:00,9193.51,9733.160922188645
1405,2020-07-19 01:00:00,9174.71,9713.25737878279
1406,2020-07-22 01:00:00,9392.66,9944.000851405437
1407,2020-07-25 01:00:00,9551.28,10111.931705396739
1408,2020-07-28 01:00:00,11042.4,11690.579133233758
1409,2020-07-31 01:00:00,11114.93,11767.366580213895
1410,2020-08-03 01:00:00,11077.77,11691.160630275703
1411,2020-08-06 01:00:00,11750.28,12400.908389569018
1412,2020-08-09 01:00:00,11767.6,12419.187420648052
1413,2020-08-12 01:00:00,11392.43,12023.243766495587
1414,2020-08-15 01:00:00,11774.38,12426.34283812587
1415,2020-08-18 01:00:00,12293.72,12974.4393739564
1416,2020-08-21 01:00:00,11865.82,12522.845990658592
1417,2020-08-24 01:00:00,11653.02,12298.262976015514
1418,2020-08-27 01:00:00,11467.37,12102.333292422994
1419,2020-08-30 01:00:00,11481.64,12117.393441008317
1420,2020-09-02 01:00:00,11923.25,12565.954769863225
1421,2020-09-05 01:00:00,10467.89,11032.145788765944
1422,2020-09-08 01:00:00,10367.74,10926.597354387583
1423,2020-09-11 01:00:00,10352.66,10910.704489780237
1424,2020-09-14 01:00:00,10330.77,10887.634542415863
1425,2020-09-17 01:00:00,10948.43,11538.588571154143
1426,2020-09-20 01:00:00,11081.43,11678.757735131398
1427,2020-09-23 01:00:00,10532.22,11099.943400184417
1428,2020-09-26 01:00:00,10692.84,11269.221378515447
1429,2020-09-29 01:00:00,10692.33,11268.683887736284
1430,2020-10-02 01:00:00,10619.24,11187.012167995455
1431,2020-10-05 01:00:00,10673.46,11244.131114337066
1432,2020-10-08 01:00:00,10670.8,11241.328893804632
1433,2020-10-11 01:00:00,11302.67,11906.9826862221
1434,2020-10-14 01:00:00,11428.24,12039.26645774767
1435,2020-10-17 01:00:00,11327.57,11933.213998724981
1436,2020-10-20 01:00:00,11758.16,12386.826081079005
1437,2020-10-23 01:00:00,12990.25,13684.791455443417
1438,2020-10-26 01:00:00,13036.77,13733.798710770083
1439,2020-10-29 01:00:00,13289.0,13999.514532159701
1440,2020-11-01 01:00:00,13810.32,14557.596882745582
1441,2020-11-04 00:00:00,14023.31,14782.111778856315
1442,2020-11-07 00:00:00,15595.77,16439.657642691633
1443,2020-11-10 00:00:00,15328.53,16157.957277244277
1444,2020-11-13 00:00:00,16295.57,17177.323844383216
1445,2020-11-16 00:00:00,15968.16,16832.19767819882
1446,2020-11-19 00:00:00,17798.45,18761.524732062917
1447,2020-11-22 00:00:00,18699.75,19711.594105576245
1448,2020-11-25 00:00:00,19172.52,20209.945706281775
1449,2020-11-28 00:00:00,17138.87,18066.25483593297
1450,2020-12-01 00:00:00,19709.73,20756.682188241437
1451,2020-12-04 00:00:00,19454.54,20487.936866635442
1452,2020-12-07 00:00:00,19377.66,20406.97311286347
1453,2020-12-10 00:00:00,18554.15,19539.719459523792
1454,2020-12-13 00:00:00,18803.44,19802.2513817118
1455,2020-12-16 00:00:00,19439.75,20472.361243348663
1456,2020-12-19 00:00:00,23150.79,24380.526290147962
1457,2020-12-22 00:00:00,22745.48,23953.68681250336
1458,2020-12-25 00:00:00,23715.53,24975.264457489036
1459,2020-12-28 00:00:00,26246.58,27640.760151876966
1460,2020-12-31 00:00:00,28856.59,30389.410086611333
1461,2021-01-03 00:00:00,32195.46,33762.01968254697
1462,2021-01-06 00:00:00,34046.67,35703.30545565062
1463,2021-01-09 00:00:00,40670.25,42649.17416909421
1464,2021-01-12 00:00:00,35544.94,37274.47795108227
1465,2021-01-15 00:00:00,39158.47,41063.83430702418
1466,2021-01-18 00:00:00,35793.01,37534.618487128326
1467,2021-01-21 00:00:00,35538.98,37268.22795069998
1468,2021-01-24 00:00:00,32099.74,33661.642159628725
1469,2021-01-27 00:00:00,32541.8,34125.211818856034
1470,2021-01-30 00:00:00,34314.26,35983.91579160646
1471,2021-02-02 00:00:00,33522.9,34962.651033785274
1472,2021-02-05 00:00:00,37002.09,38591.26627441884
1473,2021-02-08 00:00:00,38928.1,40599.9950991202
1474,2021-02-11 00:00:00,44878.17,46805.610396024545
1475,2021-02-14 00:00:00,47185.19,49211.71294645913
1476,2021-02-17 00:00:00,49160.1,51271.44194225402
1477,2021-02-20 00:00:00,55916.5,58318.01772909427
1478,2021-02-23 00:00:00,54123.4,56447.907160835544
1479,2021-02-26 00:00:00,46800.42,48810.417735177594
1480,2021-03-01 00:00:00,45113.92,46720.55103010076
1481,2021-03-04 00:00:00,50477.7,52275.35001906545
1482,2021-03-07 00:00:00,48881.59,50622.39814291161
1483,2021-03-10 00:00:00,54881.52,56836.00218667532
1484,2021-03-13 00:00:00,57253.28,59292.227097105446
1485,2021-03-16 01:00:00,55754.72,57740.29924531009
1486,2021-03-19 01:00:00,57665.9,59719.54163253133
1487,2021-03-22 01:00:00,57411.17,59455.73999516757
1488,2021-03-25 01:00:00,52508.23,54378.19278872836
1489,2021-03-28 01:00:00,55863.93,57853.3985144048
1490,2021-03-31 01:00:00,58730.13,60821.67179596567
1491,2021-04-03 01:00:00,59031.32,60635.232534244016
1492,2021-04-06 01:00:00,59054.1,60658.63147902672
1493,2021-04-09 01:00:00,58048.59,59625.80123458178
1494,2021-04-12 01:00:00,59964.87,61594.14758700488
1495,2021-04-15 01:00:00,62969.12,64680.02466617239
1496,2021-04-18 01:00:00,60087.09,61719.688369767915
1497,2021-04-21 01:00:00,56507.91,58043.26013502888
1498,2021-04-24 01:00:00,51153.13,52542.98789870214
1499,2021-04-27 01:00:00,54056.64,55525.38781819408
1500,2021-04-30 01:00:00,53584.15,55040.06001220727
1501,2021-05-03 01:00:00,56610.46,57686.12077713182
1502,2021-05-06 01:00:00,57473.23,58565.28435260685
1503,2021-05-09 01:00:00,58928.81,60048.52196771857
1504,2021-05-12 01:00:00,56750.0,57828.312190048106
1505,2021-05-15 01:00:00,49922.52,50871.1025880867
1506,2021-05-18 01:00:00,43596.24,44424.61633537027
1507,2021-05-21 01:00:00,40784.32,41559.26677389996
1508,2021-05-24 01:00:00,34754.54,35414.91434610599
1509,2021-05-27 01:00:00,39266.04,40012.13779007783
1510,2021-05-30 01:00:00,34647.67,35306.01369899144
1511,2021-06-02 01:00:00,36662.64,37015.3729845121
1512,2021-06-05 01:00:00,36885.51,37240.387227268715
1513,2021-06-08 01:00:00,33514.87,33837.31814123138
1514,2021-06-11 01:00:00,36704.57,37057.70639501501
1515,2021-06-14 01:00:00,39066.82,39442.68371341499
1516,2021-06-17 01:00:00,38324.87,38693.595377554324
1517,2021-06-20 01:00:00,35524.17,35865.949711074136
1518,2021-06-23 01:00:00,32447.59,32759.76979013309
1519,2021-06-26 01:00:00,31640.58,31944.99550895118
1520,2021-06-29 01:00:00,34456.67,34788.1792433455
1521,2021-07-02 01:00:00,33536.88,33697.43758420237
1522,2021-07-05 01:00:00,35309.3,35478.34303286045
1523,2021-07-08 01:00:00,33839.04,34001.04417314096
1524,2021-07-11 01:00:00,33515.57,33676.02556272275
1525,2021-07-14 01:00:00,32686.56,32843.046683003486
1526,2021-07-17 01:00:00,31421.25,31571.67902001077
1527,2021-07-20 01:00:00,30815.94,30963.471102515356
1528,2021-07-23 01:00:00,32297.89,32452.515928030098
1529,2021-07-26 01:00:00,35365.2,35534.510653729085
1530,2021-07-29 01:00:00,40002.53,40194.04183946697
1531,2021-08-01 01:00:00,41659.06,41772.204792975754
1532,2021-08-04 01:00:00,38138.0,38241.581696622765
1533,2021-08-07 01:00:00,42825.95,42942.26403221148
1534,2021-08-10 01:00:00,46333.46,46459.30032715934
1535,2021-08-13 01:00:00,44417.78,44538.41739610406
1536,2021-08-16 01:00:00,47056.41,47184.2138382919
1537,2021-08-19 01:00:00,44777.86,44899.47536289099
1538,2021-08-22 01:00:00,48932.02,49064.91794039485
1539,2021-08-25 01:00:00,47744.58,47874.25288795798
1540,2021-08-28 01:00:00,49056.86,49190.0970021969
1541,2021-08-31 01:00:00,47074.77,47202.62370351687
1542,2021-09-03 01:00:00,49329.01,49329.01
1543,2021-09-06 01:00:00,51769.06,51769.06
1544,2021-09-09 01:00:00,46078.38,46078.38
1545,2021-09-12 01:00:00,45144.79,45144.79
1546,2021-09-15 01:00:00,47072.12,47072.12
1547,2021-09-18 01:00:00,47263.6,47263.6
1548,2021-09-21 01:00:00,42901.56,42901.56
1549,2021-09-24 01:00:00,44888.96,44888.96
1550,2021-09-27 01:00:00,43182.63,43182.63
1551,2021-09-30 01:00:00,41522.38,41522.38
1552,2021-10-03 01:00:00,47727.1,47727.1
1553,2021-10-06 01:00:00,51505.83,51505.83
1554,2021-10-09 01:00:00,53867.3,53867.3
1555,2021-10-12 01:00:00,57452.01,57452.01
1556,2021-10-15 01:00:00,57397.74,57397.74
1557,2021-10-18 01:00:00,61546.21,61546.21
1558,2021-10-21 01:00:00,66063.56,66063.56
1559,2021-10-24 01:00:00,61277.28,61277.28
1560,2021-10-27 01:00:00,60345.17,60345.17
1561,2021-10-30 01:00:00,62249.18,62249.18
1562,2021-11-02 01:00:00,61029.5,61029.5
1563,2021-11-05 01:00:00,61441.83,61441.83
1564,2021-11-08 00:00:00,63293.22,63293.22
1565,2021-11-11 00:00:00,64976.73,64976.73
1566,2021-11-14 00:00:00,64420.94,64420.94
1567,2021-11-17 00:00:00,60172.26,60172.26
