year,month,value
1750,2,-0.913
1750,3,-0.942
1750,4,-0.974
1750,5,-1.291
1750,6,-1.285
1750,7,-1.362
1750,8,-1.511
1750,9,-1.513
1750,10,-1.609
1750,11,-1.552
1750,12,-1.584
1751,1,-1.485
1751,2,-1.524
1751,3,-1.544
1751,4,-1.587
1751,5,-1.471
1751,6,-1.385
1751,7,-1.528
1751,8,-1.107
1751,9,-1.106
1751,10,-1.123
1751,11,-1.053
1751,12,-0.908
1752,1,-0.925
1752,2,-0.987
1753,3,-0.766
1753,4,-0.703
1753,5,-0.803
1753,6,-1.048
1753,7,-1.03
1753,8,-1.15
1753,9,-1.33
1753,10,-0.981
1753,11,-0.916
1753,12,-0.884
1754,1,-0.848
1754,2,-0.879
1754,3,-0.908
1754,4,-0.858
1754,5,-0.785
1754,6,-0.472
1754,7,-0.499
1754,8,-0.456
1754,9,-0.491
1754,10,-0.759
1754,11,-0.802
1754,12,-0.759
1755,1,-0.736
1755,2,-0.735
1755,3,-0.712
1755,4,-0.563
1755,5,-0.631
1755,6,-0.799
1755,7,-0.669
1755,8,-0.253
1755,9,-0.163
1755,10,-0.098
1755,11,-0.045
1755,12,-0.079
1756,1,-0.158
1756,2,-0.149
1756,3,-0.097
1756,4,-0.355
1756,5,-0.443
1756,6,-0.521
1756,7,-0.798
1756,8,-0.926
1756,9,-0.941
1756,10,-1.021
1756,11,-1.059
1756,12,-0.89
1757,1,-0.691
1757,2,-0.388
1757,3,-0.213
1757,4,-0.419
1757,5,-0.409
1757,6,-0.399
1757,7,-0.565
1757,8,-0.899
1757,9,-0.968
1757,10,-1.087
1757,11,-1.348
1757,12,-1.62
1758,1,-1.901
1758,2,-2.348
1758,3,-2.664
1758,4,-2.628
1758,5,-2.543
1758,6,-2.445
1758,7,-1.956
1758,8,-1.625
1758,9,-1.556
1758,10,-1.608
1758,11,-1.553
1758,12,-1.472
1759,1,-1.547
1759,2,-1.308
1759,3,-1.163
1759,4,-1.042
1759,5,-1.187
1759,6,-1.442
1759,7,-1.922
1759,8,-2.04
1759,9,-2.247
1759,10,-2.225
1759,11,-2.187
1759,12,-2.337
1760,1,-2.358
1760,2,-2.478
1760,3,-2.596
1760,4,-2.66
1760,5,-2.525
1760,6,-2.371
1760,7,-2.218
1760,8,-2.297
1760,9,-1.984
1760,10,-1.926
1760,11,-1.7
1760,12,-1.322
1761,1,-0.809
1761,2,-0.703
1761,3,-0.552
1761,4,-0.594
1761,5,-0.593
1761,6,-0.832
1761,7,-0.381
1761,8,-0.201
1761,9,-0.387
1761,10,-0.3
1761,11,-0.502
1761,12,-0.81
1762,1,-1.223
1762,2,-1.213
1762,3,-1.361
1762,4,-1.343
1762,5,-1.245
1762,6,-0.904
1762,7,-1.367
1762,8,-1.664
1762,9,-1.851
1762,10,-1.968
1762,11,-2.004
1762,12,-2.081
1763,1,-1.827
1763,2,-1.904
1763,3,-1.831
1763,4,-1.825
1763,5,-2.006
1763,6,-1.942
1763,7,-1.876
1763,8,-1.454
1763,9,-1.166
1763,10,-1.129
1763,11,-1.097
1763,12,-1.135
1764,1,-1.404
1764,2,-1.416
1764,3,-1.417
1764,4,-1.103
1764,5,-0.959
1764,6,-0.722
1764,7,-0.433
1764,8,-0.629
1764,9,-0.493
1764,10,-0.341
1764,11,-0.298
1764,12,-0.344
1765,1,-0.286
1765,2,-0.218
1765,3,-0.188
1765,4,-0.352
1765,5,-0.326
1765,6,-0.52
1765,7,-0.907
1765,8,-0.83
1765,9,-0.899
1765,10,-1.002
1765,11,-0.952
1765,12,-0.744
1766,1,-0.797
1766,2,-0.774
1766,3,-0.677
1766,4,-0.656
1766,5,-0.514
1766,6,-0.535
1766,7,-0.556
1766,8,-0.65
1766,9,-0.583
1766,10,-0.731
1766,11,-0.834
1766,12,-0.729
1767,1,-0.719
1767,2,-0.629
1767,3,-0.671
1767,4,-0.612
1767,5,-0.557
1767,6,-0.657
1767,7,-0.788
1767,8,-1.062
1767,9,-1.437
1767,10,-1.356
1767,11,-1.45
1767,12,-1.631
1768,1,-1.553
1768,2,-1.722
1768,3,-1.795
1768,4,-1.896
1768,5,-2.173
1768,6,-2.044
1768,7,-1.629
1768,8,-1.44
1768,9,-1.231
1768,10,-1.069
1768,11,-0.737
1768,12,-0.515
1769,1,-0.501
1769,2,-0.437
1769,3,-0.394
1769,4,-0.606
1769,5,-0.773
1769,6,-1.082
1769,7,-1.117
1769,8,-0.997
1769,9,-1.262
1769,10,-1.201
1769,11,-1.442
1769,12,-1.718
1770,1,-1.953
1770,2,-2.104
1770,3,-2.125
1770,4,-1.803
1770,5,-1.535
1770,6,-1.076
1770,7,-0.828
1770,8,-1.224
1770,9,-1.173
1770,10,-1.506
1770,11,-1.514
1770,12,-1.337
1771,1,-1.145
1771,2,-0.944
1771,3,-0.913
1771,4,-0.821
1771,5,-0.944
1771,6,-1.117
1771,7,-1.408
1771,8,-1.226
1771,9,-1.179
1771,10,-0.942
1771,11,-0.981
1771,12,-1.102
1772,1,-1.035
1772,2,-1.035
1772,3,-1.123
1772,4,-1.19
1772,5,-0.891
1772,6,-0.605
1772,7,-0.792
1772,8,-0.759
1772,9,-0.609
1772,10,-0.523
1772,11,-0.211
1772,12,-0.171
1773,1,-0.178
1773,2,-0.212
1773,3,-0.034
1773,4,-0.037
1773,5,-0.404
1773,6,-0.426
1773,7,-0.422
1773,8,-0.177
1773,9,-0.095
1773,10,-0.054
1773,11,0.278
1773,12,0.505
1774,1,0.668
1774,2,0.709
1774,3,0.573
1774,4,0.498
1774,5,0.44
1774,6,-0.012
1774,7,0.364
1774,8,0.485
1774,9,0.633
1774,10,0.377
1774,11,-0.164
1774,12,-0.454
1775,1,-0.627
1775,2,-0.621
1775,3,-0.615
1775,4,-0.464
1775,5,-0.048
1775,6,0.042
1775,7,-0.363
1775,8,-0.501
1775,9,-0.775
1775,10,-0.803
1775,11,-0.876
1775,12,-0.709
1776,1,-0.766
1776,2,-0.735
1776,3,-0.801
1776,4,-1.024
1776,5,-1.268
1776,6,-1.026
1776,7,-0.481
1776,8,-0.469
1776,9,-0.412
1776,10,-0.517
1776,11,-0.432
1776,12,-0.6
1777,1,-0.716
1777,2,-0.902
1777,3,-0.844
1777,4,-0.94
1777,5,-0.937
1777,6,-1.04
1777,7,-1.277
1777,8,-1.194
1777,9,-1.273
1777,10,-0.902
1777,11,-0.916
1777,12,-0.98
1778,1,-0.793
1778,2,-0.816
1778,3,-0.65
1778,4,-0.572
1778,5,-0.71
1778,6,-0.834
1778,7,-1.001
1778,8,-1.072
1778,9,-0.864
1778,10,-0.956
1778,11,-0.729
1778,12,-0.678
1779,1,-0.805
1779,2,-0.704
1779,3,-0.763
1779,4,-0.629
1779,5,-0.444
1779,6,-0.402
1779,7,-0.278
1779,8,-0.327
1779,9,-0.403
1779,10,-0.068
1779,11,0.036
1779,12,0.221
1780,1,0.431
1780,2,0.394
1780,3,0.147
1780,4,0.211
1780,5,0.242
1780,6,0.22
1780,7,0.236
1780,8,0.12
1780,9,0.108
1780,10,-0.365
1780,11,-0.628
1780,12,-0.785
1781,1,-0.864
1781,2,-0.714
1781,3,-0.607
1781,4,-0.696
1781,5,-0.575
1781,6,-0.473
1781,7,-0.621
1781,8,-0.731
1781,9,-0.876
1781,10,-0.737
1781,11,-0.703
1781,12,-0.55
1782,1,-0.585
1782,2,-0.506
1782,3,-0.326
1782,4,-0.338
1782,5,-0.587
1782,6,-0.694
1782,7,-0.822
1782,8,-0.507
1782,9,-0.393
1782,10,-0.434
1782,11,-0.387
1782,12,-0.274
1783,1,-0.325
1783,2,-0.451
1783,3,-0.678
1783,4,-0.744
1783,5,-0.934
1783,6,-0.877
1783,7,-0.606
1783,8,-0.89
1783,9,-0.897
1783,10,-0.886
1783,11,-1.097
1783,12,-1.246
1784,1,-1.13
1784,2,-0.988
1784,3,-0.94
1784,4,-0.939
1784,5,-0.718
1784,6,-0.67
1784,7,-0.67
1784,8,-0.629
1784,9,-0.866
1784,10,-0.972
1784,11,-0.929
1784,12,-0.801
1785,1,-0.807
1785,2,-0.885
1785,3,-0.865
1785,4,-0.848
1785,5,-0.751
1785,6,-0.884
1785,7,-1.046
1785,8,-1.031
1785,9,-0.655
1785,10,-0.52
1785,11,-0.406
1785,12,-0.503
1786,1,-0.441
1786,2,-0.432
1786,3,-0.261
1786,4,-0.217
1786,5,-0.441
1786,6,-0.56
1786,7,-0.316
1786,8,-0.233
1786,9,-0.29
1786,10,-0.384
1786,11,-0.376
1786,12,-0.314
1787,1,-0.452
1787,2,-0.55
1787,3,-0.758
1787,4,-0.816
1787,5,-0.677
1787,6,-0.475
1787,7,-0.725
1787,8,-0.689
1787,9,-0.739
1787,10,-0.667
1787,11,-0.731
1787,12,-0.755
1788,1,-0.515
1788,2,-0.438
1788,3,-0.295
1788,4,-0.154
1788,5,-0.04
1788,6,-0.287
1788,7,-0.055
1788,8,-0.139
1788,9,-0.17
1788,10,-0.25
1788,11,-0.199
1788,12,-0.266
1789,1,-0.379
1789,2,-0.43
1789,3,-0.413
1789,4,-0.521
1789,5,-0.536
1789,6,-0.169
1789,7,-0.168
1789,8,-0.082
1789,9,-0.027
1789,10,-0.069
1789,11,-0.145
1789,12,-0.116
1790,1,-0.265
1790,2,-0.311
1790,3,-0.374
1790,4,-0.336
1790,5,-0.429
1790,6,-0.449
1790,7,-0.416
1790,8,-0.408
1790,9,-0.351
1790,10,-0.203
1790,11,-0.196
1790,12,-0.222
1791,1,-0.215
1791,2,-0.174
1791,3,-0.174
1791,4,-0.229
1791,5,-0.142
1791,6,-0.155
1791,7,-0.418
1791,8,-0.398
1791,9,-0.469
1791,10,-0.528
1791,11,-0.425
1791,12,-0.336
1792,1,-0.235
1792,2,-0.335
1792,3,-0.25
1792,4,-0.259
1792,5,-0.36
1792,6,-0.377
1792,7,-0.28
1792,8,-0.198
1792,9,-0.14
1792,10,-0.064
1792,11,-0.11
1792,12,-0.183
1793,1,-0.194
1793,2,-0.131
1793,3,-0.199
1793,4,-0.161
1793,5,-0.128
1793,6,-0.24
1793,7,-0.046
1793,8,-0.179
1793,9,-0.103
1793,10,-0.097
1793,11,0.02
1793,12,-0.067
1794,1,-0.197
1794,2,-0.179
1794,3,-0.098
1794,4,-0.033
1794,5,0.008
1794,6,0.113
1794,7,0.065
1794,8,0.205
1794,9,0.194
1794,10,0.245
1794,11,0.202
1794,12,0.243
1795,1,0.392
1795,2,0.423
1795,3,0.271
1795,4,0.195
1795,5,0.171
1795,6,0.215
1795,7,0.273
1795,8,0.179
1795,9,-0.067
1795,10,-0.22
1795,11,-0.281
1795,12,-0.147
1796,1,-0.193
1796,2,-0.13
1796,3,-0.023
1796,4,0.051
1796,5,0.031
1796,6,-0.19
1796,7,-0.115
1796,8,0.093
1796,9,0.199
1796,10,0.147
1796,11,0.074
1796,12,0.033
1797,1,-0.013
1797,2,-0.074
1797,3,-0.07
1797,4,-0.096
1797,5,-0.154
1797,6,0.038
1797,7,-0.106
1797,8,-0.345
1797,9,-0.181
1797,10,-0.104
1797,11,-0.049
1797,12,-0.106
1798,1,-0.007
1798,2,0.082
1798,3,0.024
1798,4,0.0
1798,5,0.108
1798,6,-0.01
1798,7,-0.08
1798,8,-0.27
1798,9,-0.53
1798,10,-0.493
1798,11,-0.489
1798,12,-0.466
1799,1,-0.507
1799,2,-0.625
1799,3,-0.584
1799,4,-0.522
1799,5,-0.476
1799,6,-0.505
1799,7,-0.536
1799,8,-0.416
1799,9,-0.34
1799,10,-0.284
1799,11,-0.339
1799,12,-0.36
1800,1,-0.411
1800,2,-0.407
1800,3,-0.474
1800,4,-0.473
1800,5,-0.526
1800,6,-0.364
1800,7,-0.221
1800,8,-0.111
1800,9,0.097
1800,10,-0.023
1800,11,0.135
1800,12,0.114
1801,1,0.178
1801,2,0.102
1801,3,0.172
1801,4,0.263
1801,5,0.25
1801,6,0.338
1801,7,0.39
1801,8,0.461
1801,9,0.45
1801,10,0.551
1801,11,0.365
1801,12,0.404
1802,1,0.382
1802,2,0.443
1802,3,0.464
1802,4,0.372
1802,5,0.32
1802,6,0.181
1802,7,-0.072
1802,8,-0.27
1802,9,-0.398
1802,10,-0.37
1802,11,-0.251
1802,12,-0.235
1803,1,-0.203
1803,2,-0.1
1803,3,-0.081
1803,4,-0.025
1803,5,0.028
1803,6,0.009
1803,7,0.092
1803,8,0.069
1803,9,-0.008
1803,10,0.025
1803,11,0.056
1803,12,0.042
1804,1,0.133
1804,2,0.084
1804,3,0.088
1804,4,0.005
1804,5,0.092
1804,6,0.069
1804,7,0.134
1804,8,0.203
1804,9,0.344
1804,10,0.255
1804,11,0.191
1804,12,0.225
1805,1,0.134
1805,2,0.222
1805,3,0.19
1805,4,0.06
1805,5,-0.143
1805,6,0.014
1805,7,0.029
1805,8,0.055
1805,9,-0.032
1805,10,-0.072
1805,11,-0.031
1805,12,-0.165
1806,1,-0.222
1806,2,-0.264
1806,3,-0.212
1806,4,-0.125
1806,5,-0.061
1806,6,-0.09
1806,7,-0.269
1806,8,-0.24
1806,9,-0.254
1806,10,-0.344
1806,11,-0.563
1806,12,-0.491
1807,1,-0.472
1807,2,-0.572
1807,3,-0.575
1807,4,-0.539
1807,5,-0.457
1807,6,-0.426
1807,7,-0.418
1807,8,-0.521
1807,9,-0.553
1807,10,-0.522
1807,11,-0.503
1807,12,-0.506
1808,1,-0.482
1808,2,-0.518
1808,3,-0.579
1808,4,-0.618
1808,5,-0.753
1808,6,-1.0
1808,7,-1.066
1808,8,-1.162
1808,9,-1.233
1808,10,-1.192
1808,11,-1.181
1808,12,-1.206
1809,1,-1.35
1809,2,-1.344
1809,3,-1.404
1809,4,-1.396
1809,5,-1.508
1809,6,-1.427
1809,7,-1.399
1809,8,-1.276
1809,9,-1.131
1809,10,-1.211
1809,11,-1.229
1809,12,-1.333
1810,1,-1.344
1810,2,-1.413
1810,3,-1.516
1810,4,-1.645
1810,5,-1.567
1810,6,-1.547
1810,7,-1.517
1810,8,-1.703
1810,9,-1.791
1810,10,-1.846
1810,11,-1.8
1810,12,-1.732
1811,1,-1.757
1811,2,-1.662
1811,3,-1.613
1811,4,-1.604
1811,5,-1.648
1811,6,-1.561
1811,7,-1.534
1811,8,-1.534
1811,9,-1.681
1811,10,-1.617
1811,11,-1.637
1811,12,-1.693
1812,1,-1.518
1812,2,-1.355
1812,3,-1.358
1812,4,-1.299
1812,5,-1.208
1812,6,-1.399
1812,7,-1.616
1812,8,-1.448
1812,9,-1.459
1812,10,-1.359
1812,11,-1.197
1812,12,-1.097
1813,1,-1.103
1813,2,-1.298
1813,3,-1.143
1813,4,-1.077
1813,5,-0.896
1813,6,-0.826
1813,7,-0.563
1813,8,-0.598
1813,9,-0.558
1813,10,-0.648
1813,11,-0.83
1813,12,-0.856
1814,1,-1.005
1814,2,-1.024
1814,3,-1.161
1814,4,-1.246
1814,5,-1.244
1814,6,-0.914
1814,7,-0.909
1814,8,-0.872
1814,9,-0.786
1814,10,-0.826
1814,11,-0.774
1814,12,-0.913
1815,1,-0.764
1815,2,-0.725
1815,3,-0.679
1815,4,-0.702
1815,5,-0.935
1815,6,-1.35
1815,7,-1.278
1815,8,-1.511
1815,9,-1.493
1815,10,-1.411
1815,11,-1.346
1815,12,-1.299
1816,1,-1.479
1816,2,-1.529
1816,3,-1.598
1816,4,-1.749
1816,5,-1.736
1816,6,-1.674
1816,7,-1.753
1816,8,-1.368
1816,9,-1.258
1816,10,-1.189
1816,11,-1.283
1816,12,-1.332
1817,1,-1.329
1817,2,-1.279
1817,3,-1.444
1817,4,-1.368
1817,5,-1.307
1817,6,-1.401
1817,7,-1.384
1817,8,-1.599
1817,9,-1.51
1817,10,-1.35
1817,11,-1.163
1817,12,-0.895
1818,1,-0.765
1818,2,-0.767
1818,3,-0.594
1818,4,-0.555
1818,5,-0.465
1818,6,-0.311
1818,7,-0.369
1818,8,-0.305
1818,9,-0.595
1818,10,-0.883
1818,11,-0.992
1818,12,-1.13
1819,1,-1.188
1819,2,-1.242
1819,3,-1.178
1819,4,-1.032
1819,5,-1.095
1819,6,-1.173
1819,7,-1.271
1819,8,-1.25
1819,9,-1.086
1819,10,-0.869
1819,11,-0.783
1819,12,-0.72
1820,1,-0.66
1820,2,-0.692
1820,3,-0.683
1820,4,-0.773
1820,5,-0.826
1820,6,-0.837
1820,7,-0.603
1820,8,-0.477
1820,9,-0.415
1820,10,-0.547
1820,11,-0.582
1820,12,-0.684
1821,1,-0.751
1821,2,-0.697
1821,3,-0.813
1821,4,-0.763
1821,5,-0.71
1821,6,-0.634
1821,7,-0.689
1821,8,-0.681
1821,9,-0.517
1821,10,-0.507
1821,11,-0.541
1821,12,-0.464
1822,1,-0.396
1822,2,-0.379
1822,3,-0.338
1822,4,-0.368
1822,5,-0.426
1822,6,-0.575
1822,7,-0.62
1822,8,-0.782
1822,9,-1.0
1822,10,-1.033
1822,11,-1.045
1822,12,-1.019
1823,1,-0.975
1823,2,-0.988
1823,3,-0.986
1823,4,-0.998
1823,5,-0.989
1823,6,-0.858
1823,7,-0.761
1823,8,-0.718
1823,9,-0.68
1823,10,-0.613
1823,11,-0.557
1823,12,-0.566
1824,1,-0.564
1824,2,-0.56
1824,3,-0.483
1824,4,-0.456
1824,5,-0.399
1824,6,-0.221
1824,7,-0.239
1824,8,-0.23
1824,9,-0.259
1824,10,-0.207
1824,11,-0.228
1824,12,-0.217
1825,1,-0.303
1825,2,-0.312
1825,3,-0.358
1825,4,-0.334
1825,5,-0.295
1825,6,-0.413
1825,7,-0.47
1825,8,-0.559
1825,9,-0.574
1825,10,-0.638
1825,11,-0.571
1825,12,-0.587
1826,1,-0.506
1826,2,-0.499
1826,3,-0.484
1826,4,-0.453
1826,5,-0.372
1826,6,-0.228
1826,7,-0.092
1826,8,0.076
1826,9,0.163
1826,10,0.254
1826,11,0.246
1826,12,0.264
1827,1,0.282
1827,2,0.322
1827,3,0.332
1827,4,0.34
1827,5,0.285
1827,6,0.151
1827,7,-0.081
1827,8,-0.235
1827,9,-0.255
1827,10,-0.307
1827,11,-0.337
1827,12,-0.322
1828,1,-0.331
1828,2,-0.331
1828,3,-0.432
1828,4,-0.439
1828,5,-0.473
1828,6,-0.545
1828,7,-0.476
1828,8,-0.505
1828,9,-0.566
1828,10,-0.648
1828,11,-0.661
1828,12,-0.75
1829,1,-0.774
1829,2,-0.801
1829,3,-0.753
1829,4,-0.76
1829,5,-0.821
1829,6,-0.792
1829,7,-0.677
1829,8,-0.472
1829,9,-0.498
1829,10,-0.416
1829,11,-0.505
1829,12,-0.499
1830,1,-0.458
1830,2,-0.446
1830,3,-0.458
1830,4,-0.491
1830,5,-0.285
1830,6,-0.136
1830,7,-0.197
1830,8,-0.328
1830,9,-0.326
1830,10,-0.402
1830,11,-0.333
1830,12,-0.307
1831,1,-0.404
1831,2,-0.493
1831,3,-0.52
1831,4,-0.545
1831,5,-0.787
1831,6,-0.974
1831,7,-1.005
1831,8,-1.067
1831,9,-1.05
1831,10,-1.041
1831,11,-1.079
1831,12,-1.117
1832,1,-1.108
1832,2,-1.115
1832,3,-1.094
1832,4,-1.038
1832,5,-1.068
1832,6,-1.16
1832,7,-1.146
1832,8,-1.061
1832,9,-1.106
1832,10,-1.118
1832,11,-1.107
1832,12,-1.071
1833,1,-1.077
1833,2,-1.003
1833,3,-0.941
1833,4,-0.987
1833,5,-0.772
1833,6,-0.59
1833,7,-0.74
1833,8,-0.748
1833,9,-0.623
1833,10,-0.596
1833,11,-0.543
1833,12,-0.561
1834,1,-0.535
1834,2,-0.525
1834,3,-0.505
1834,4,-0.451
1834,5,-0.463
1834,6,-0.473
1834,7,-0.248
1834,8,-0.22
1834,9,-0.332
1834,10,-0.36
1834,11,-0.449
1834,12,-0.514
1835,1,-0.605
1835,2,-0.696
1835,3,-0.813
1835,4,-0.874
1835,5,-1.078
1835,6,-1.216
1835,7,-1.305
1835,8,-1.344
1835,9,-1.269
1835,10,-1.317
1835,11,-1.333
1835,12,-1.302
1836,1,-1.261
1836,2,-1.25
1836,3,-1.187
1836,4,-1.104
1836,5,-1.111
1836,6,-0.972
1836,7,-0.944
1836,8,-0.932
1836,9,-1.054
1836,10,-1.133
1836,11,-1.171
1836,12,-1.192
1837,1,-1.196
1837,2,-1.135
1837,3,-1.13
1837,4,-1.224
1837,5,-1.19
1837,6,-1.252
1837,7,-1.511
1837,8,-1.598
1837,9,-1.612
1837,10,-1.514
1837,11,-1.487
1837,12,-1.435
1838,1,-1.356
1838,2,-1.324
1838,3,-1.299
1838,4,-1.218
1838,5,-1.149
1838,6,-1.125
1838,7,-0.862
1838,8,-0.698
1838,9,-0.777
1838,10,-0.733
1838,11,-0.697
1838,12,-0.697
1839,1,-0.673
1839,2,-0.613
1839,3,-0.627
1839,4,-0.67
1839,5,-0.779
1839,6,-0.9
1839,7,-0.857
1839,8,-0.973
1839,9,-0.859
1839,10,-0.869
1839,11,-0.804
1839,12,-0.766
1840,1,-0.763
1840,2,-0.855
1840,3,-0.853
1840,4,-0.911
1840,5,-0.908
1840,6,-0.85
1840,7,-1.036
1840,8,-1.007
1840,9,-1.076
1840,10,-1.169
1840,11,-1.214
1840,12,-1.245
1841,1,-1.254
1841,2,-1.211
1841,3,-1.226
1841,4,-1.133
1841,5,-1.092
1841,6,-1.046
1841,7,-0.958
1841,8,-0.948
1841,9,-0.743
1841,10,-0.621
1841,11,-0.63
1841,12,-0.659
1842,1,-0.731
1842,2,-0.762
1842,3,-0.751
1842,4,-0.777
1842,5,-0.755
1842,6,-0.653
1842,7,-0.532
1842,8,-0.421
1842,9,-0.498
1842,10,-0.531
1842,11,-0.576
1842,12,-0.588
1843,1,-0.564
1843,2,-0.562
1843,3,-0.54
1843,4,-0.51
1843,5,-0.504
1843,6,-0.493
1843,7,-0.589
1843,8,-0.744
1843,9,-0.748
1843,10,-0.784
1843,11,-0.775
1843,12,-0.745
1844,1,-0.746
1844,2,-0.765
1844,3,-0.79
1844,4,-0.787
1844,5,-0.831
1844,6,-0.997
1844,7,-0.945
1844,8,-0.992
1844,9,-1.018
1844,10,-0.958
1844,11,-0.93
1844,12,-0.925
1845,1,-0.887
1845,2,-0.839
1845,3,-0.813
1845,4,-0.893
1845,5,-0.824
1845,6,-0.839
1845,7,-0.777
1845,8,-0.614
1845,9,-0.452
1845,10,-0.503
1845,11,-0.464
1845,12,-0.41
1846,1,-0.362
1846,2,-0.318
1846,3,-0.275
1846,4,-0.236
1846,5,-0.24
1846,6,-0.08
1846,7,-0.13
1846,8,-0.118
1846,9,-0.32
1846,10,-0.28
1846,11,-0.307
1846,12,-0.357
1847,1,-0.409
1847,2,-0.472
1847,3,-0.488
1847,4,-0.456
1847,5,-0.415
1847,6,-0.571
1847,7,-0.754
1847,8,-0.732
1847,9,-0.663
1847,10,-0.655
1847,11,-0.658
1847,12,-0.631
1848,1,-0.612
1848,2,-0.615
1848,3,-0.66
1848,4,-0.651
1848,5,-0.678
1848,6,-0.649
1848,7,-0.536
1848,8,-0.64
1848,9,-0.594
1848,10,-0.68
1848,11,-0.714
1848,12,-0.732
1849,1,-0.736
1849,2,-0.716
1849,3,-0.708
1849,4,-0.695
1849,5,-0.647
1849,6,-0.662
1849,7,-0.764
1849,8,-0.722
1849,9,-0.762
1849,10,-0.746
1849,11,-0.758
1849,12,-0.744
1850,1,-0.731
1850,2,-0.689
1850,3,-0.658
1850,4,-0.728
1850,5,-0.827
1850,6,-0.778
1850,7,-0.629
1850,8,-0.679
1850,9,-0.737
1850,10,-0.732
1850,11,-0.648
1850,12,-0.633
1851,1,-0.637
1851,2,-0.666
1851,3,-0.652
1851,4,-0.565
1851,5,-0.548
1851,6,-0.497
1851,7,-0.514
1851,8,-0.525
1851,9,-0.564
1851,10,-0.553
1851,11,-0.541
1851,12,-0.558
1852,1,-0.567
1852,2,-0.609
1852,3,-0.624
1852,4,-0.636
1852,5,-0.662
1852,6,-0.606
1852,7,-0.633
1852,8,-0.655
1852,9,-0.627
1852,10,-0.61
1852,11,-0.628
1852,12,-0.604
1853,1,-0.574
1853,2,-0.504
1853,3,-0.493
1853,4,-0.522
1853,5,-0.512
1853,6,-0.581
1853,7,-0.646
1853,8,-0.669
1853,9,-0.603
1853,10,-0.6
1853,11,-0.591
1853,12,-0.641
1854,1,-0.647
1854,2,-0.66
1854,3,-0.66
1854,4,-0.554
1854,5,-0.463
1854,6,-0.424
1854,7,-0.306
1854,8,-0.215
1854,9,-0.224
1854,10,-0.139
1854,11,-0.119
1854,12,-0.093
1855,1,-0.156
1855,2,-0.181
1855,3,-0.209
1855,4,-0.319
1855,5,-0.368
1855,6,-0.482
1855,7,-0.466
1855,8,-0.525
1855,9,-0.549
1855,10,-0.613
1855,11,-0.662
1855,12,-0.617
1856,1,-0.574
1856,2,-0.611
1856,3,-0.635
1856,4,-0.671
1856,5,-0.664
1856,6,-0.556
1856,7,-0.636
1856,8,-0.632
1856,9,-0.631
1856,10,-0.717
1856,11,-0.785
1856,12,-0.864
1857,1,-0.897
1857,2,-0.878
1857,3,-0.852
1857,4,-0.837
1857,5,-0.836
1857,6,-0.816
1857,7,-0.754
1857,8,-0.76
1857,9,-0.723
1857,10,-0.599
1857,11,-0.508
1857,12,-0.448
1858,1,-0.445
1858,2,-0.436
1858,3,-0.432
1858,4,-0.383
1858,5,-0.328
1858,6,-0.417
1858,7,-0.464
1858,8,-0.425
1858,9,-0.418
1858,10,-0.386
1858,11,-0.333
1858,12,-0.321
1859,1,-0.31
1859,2,-0.307
1859,3,-0.311
1859,4,-0.298
1859,5,-0.301
1859,6,-0.233
1859,7,-0.247
1859,8,-0.26
1859,9,-0.387
1859,10,-0.453
1859,11,-0.493
1859,12,-0.498
1860,1,-0.479
1860,2,-0.435
1860,3,-0.381
1860,4,-0.405
1860,5,-0.485
1860,6,-0.629
1860,7,-0.743
1860,8,-0.766
1860,9,-0.679
1860,10,-0.706
1860,11,-0.752
1860,12,-0.778
1861,1,-0.792
1861,2,-0.797
1861,3,-0.834
1861,4,-0.865
1861,5,-0.791
1861,6,-0.681
1861,7,-0.677
1861,8,-0.729
1861,9,-0.746
1861,10,-0.777
1861,11,-0.746
1861,12,-0.757
1862,1,-0.766
1862,2,-0.829
1862,3,-0.855
1862,4,-0.863
1862,5,-0.948
1862,6,-1.058
1862,7,-0.853
1862,8,-0.737
1862,9,-0.702
1862,10,-0.625
1862,11,-0.595
1862,12,-0.579
1863,1,-0.589
1863,2,-0.575
1863,3,-0.578
1863,4,-0.591
1863,5,-0.539
1863,6,-0.451
1863,7,-0.577
1863,8,-0.612
1863,9,-0.614
1863,10,-0.663
1863,11,-0.675
1863,12,-0.648
1864,1,-0.615
1864,2,-0.598
1864,3,-0.574
1864,4,-0.524
1864,5,-0.552
1864,6,-0.594
1864,7,-0.473
1864,8,-0.508
1864,9,-0.557
1864,10,-0.567
1864,11,-0.58
1864,12,-0.604
1865,1,-0.603
1865,2,-0.582
1865,3,-0.543
1865,4,-0.505
1865,5,-0.415
1865,6,-0.369
1865,7,-0.365
1865,8,-0.362
1865,9,-0.334
1865,10,-0.298
1865,11,-0.302
1865,12,-0.326
1866,1,-0.289
1866,2,-0.3
1866,3,-0.312
1866,4,-0.357
1866,5,-0.373
1866,6,-0.261
1866,7,-0.306
1866,8,-0.278
1866,9,-0.269
1866,10,-0.242
1866,11,-0.27
1866,12,-0.225
1867,1,-0.251
1867,2,-0.236
1867,3,-0.215
1867,4,-0.159
1867,5,-0.08
1867,6,-0.113
1867,7,-0.169
1867,8,-0.233
1867,9,-0.23
1867,10,-0.237
1867,11,-0.183
1867,12,-0.191
1868,1,-0.172
1868,2,-0.165
1868,3,-0.198
1868,4,-0.193
1868,5,-0.35
1868,6,-0.392
1868,7,-0.356
1868,8,-0.219
1868,9,-0.234
1868,10,-0.246
1868,11,-0.237
1868,12,-0.217
1869,1,-0.232
1869,2,-0.217
1869,3,-0.147
1869,4,-0.178
1869,5,-0.122
1869,6,-0.16
1869,7,-0.181
1869,8,-0.303
1869,9,-0.29
1869,10,-0.299
1869,11,-0.306
1869,12,-0.291
1870,1,-0.279
1870,2,-0.32
1870,3,-0.351
1870,4,-0.367
1870,5,-0.388
1870,6,-0.438
1870,7,-0.497
1870,8,-0.526
1870,9,-0.512
1870,10,-0.47
1870,11,-0.506
1870,12,-0.558
1871,1,-0.583
1871,2,-0.552
1871,3,-0.587
1871,4,-0.568
1871,5,-0.625
1871,6,-0.572
1871,7,-0.543
1871,8,-0.489
1871,9,-0.483
1871,10,-0.533
1871,11,-0.506
1871,12,-0.509
1872,1,-0.51
1872,2,-0.515
1872,3,-0.492
1872,4,-0.49
1872,5,-0.465
1872,6,-0.501
1872,7,-0.481
1872,8,-0.417
1872,9,-0.418
1872,10,-0.449
1872,11,-0.463
1872,12,-0.436
1873,1,-0.437
1873,2,-0.442
1873,3,-0.471
1873,4,-0.466
1873,5,-0.427
1873,6,-0.333
1873,7,-0.275
1873,8,-0.278
1873,9,-0.331
1873,10,-0.27
1873,11,-0.227
1873,12,-0.234
1874,1,-0.248
1874,2,-0.245
1874,3,-0.194
1874,4,-0.192
1874,5,-0.19
1874,6,-0.21
1874,7,-0.294
1874,8,-0.347
1874,9,-0.334
1874,10,-0.382
1874,11,-0.44
1874,12,-0.448
1875,1,-0.444
1875,2,-0.479
1875,3,-0.549
1875,4,-0.591
1875,5,-0.671
1875,6,-0.717
1875,7,-0.68
1875,8,-0.655
1875,9,-0.608
1875,10,-0.55
1875,11,-0.56
1875,12,-0.566
1876,1,-0.557
1876,2,-0.55
1876,3,-0.509
1876,4,-0.481
1876,5,-0.446
1876,6,-0.497
1876,7,-0.478
1876,8,-0.464
1876,9,-0.422
1876,10,-0.444
1876,11,-0.406
1876,12,-0.395
1877,1,-0.365
1877,2,-0.308
1877,3,-0.279
1877,4,-0.253
1877,5,-0.157
1877,6,-0.099
1877,7,-0.122
1877,8,-0.044
1877,9,0.07
1877,10,0.15
1877,11,0.142
1877,12,0.185
1878,1,0.203
1878,2,0.204
1878,3,0.206
1878,4,0.204
1878,5,0.218
1878,6,0.265
1878,7,0.299
1878,8,0.208
1878,9,0.067
1878,10,-0.031
1878,11,-0.048
1878,12,-0.097
1879,1,-0.152
1879,2,-0.225
1879,3,-0.284
1879,4,-0.28
1879,5,-0.358
1879,6,-0.429
1879,7,-0.474
1879,8,-0.542
1879,9,-0.587
1879,10,-0.611
1879,11,-0.595
1879,12,-0.602
1880,1,-0.612
1880,2,-0.578
1880,3,-0.583
1880,4,-0.634
1880,5,-0.606
1880,6,-0.551
1880,7,-0.495
1880,8,-0.436
1880,9,-0.39
1880,10,-0.315
1880,11,-0.301
1880,12,-0.336
1881,1,-0.333
1881,2,-0.327
1881,3,-0.301
1881,4,-0.288
1881,5,-0.329
1881,6,-0.321
1881,7,-0.269
1881,8,-0.214
1881,9,-0.215
1881,10,-0.271
1881,11,-0.299
1881,12,-0.29
1882,1,-0.325
1882,2,-0.334
1882,3,-0.328
1882,4,-0.359
1882,5,-0.382
1882,6,-0.47
1882,7,-0.596
1882,8,-0.705
1882,9,-0.705
1882,10,-0.704
1882,11,-0.707
1882,12,-0.659
1883,1,-0.635
1883,2,-0.67
1883,3,-0.7
1883,4,-0.656
1883,5,-0.662
1883,6,-0.568
1883,7,-0.513
1883,8,-0.455
1883,9,-0.542
1883,10,-0.582
1883,11,-0.638
1883,12,-0.703
1884,1,-0.734
1884,2,-0.724
1884,3,-0.733
1884,4,-0.773
1884,5,-0.754
1884,6,-0.773
1884,7,-0.861
1884,8,-0.888
1884,9,-0.824
1884,10,-0.803
1884,11,-0.768
1884,12,-0.755
1885,1,-0.719
1885,2,-0.72
1885,3,-0.706
1885,4,-0.683
1885,5,-0.666
1885,6,-0.613
1885,7,-0.588
1885,8,-0.63
1885,9,-0.667
1885,10,-0.627
1885,11,-0.613
1885,12,-0.604
1886,1,-0.589
1886,2,-0.59
1886,3,-0.579
1886,4,-0.597
1886,5,-0.608
1886,6,-0.628
1886,7,-0.673
1886,8,-0.646
1886,9,-0.62
1886,10,-0.63
1886,11,-0.625
1886,12,-0.624
1887,1,-0.639
1887,2,-0.659
1887,3,-0.647
1887,4,-0.637
1887,5,-0.607
1887,6,-0.656
1887,7,-0.573
1887,8,-0.571
1887,9,-0.585
1887,10,-0.582
1887,11,-0.593
1887,12,-0.592
1888,1,-0.577
1888,2,-0.536
1888,3,-0.535
1888,4,-0.495
1888,5,-0.477
1888,6,-0.439
1888,7,-0.445
1888,8,-0.328
1888,9,-0.25
1888,10,-0.188
1888,11,-0.145
1888,12,-0.105
1889,1,-0.105
1889,2,-0.113
1889,3,-0.128
1889,4,-0.162
1889,5,-0.228
1889,6,-0.247
1889,7,-0.247
1889,8,-0.337
1889,9,-0.43
1889,10,-0.496
1889,11,-0.559
1889,12,-0.602
1890,1,-0.623
1890,2,-0.639
1890,3,-0.64
1890,4,-0.605
1890,5,-0.61
1890,6,-0.623
1890,7,-0.637
1890,8,-0.687
1890,9,-0.64
1890,10,-0.651
1890,11,-0.619
1890,12,-0.616
1891,1,-0.619
1891,2,-0.601
1891,3,-0.587
1891,4,-0.627
1891,5,-0.613
1891,6,-0.553
1891,7,-0.527
1891,8,-0.453
1891,9,-0.493
1891,10,-0.498
1891,11,-0.508
1891,12,-0.475
1892,1,-0.478
1892,2,-0.483
1892,3,-0.488
1892,4,-0.443
1892,5,-0.463
1892,6,-0.526
1892,7,-0.647
1892,8,-0.738
1892,9,-0.684
1892,10,-0.651
1892,11,-0.645
1892,12,-0.659
1893,1,-0.624
1893,2,-0.619
1893,3,-0.611
1893,4,-0.621
1893,5,-0.544
1893,6,-0.529
1893,7,-0.432
1893,8,-0.335
1893,9,-0.327
1893,10,-0.354
1893,11,-0.335
1893,12,-0.353
1894,1,-0.372
1894,2,-0.365
1894,3,-0.378
1894,4,-0.375
1894,5,-0.405
1894,6,-0.399
1894,7,-0.431
1894,8,-0.494
1894,9,-0.53
1894,10,-0.486
1894,11,-0.49
1894,12,-0.472
1895,1,-0.467
1895,2,-0.466
1895,3,-0.451
1895,4,-0.454
1895,5,-0.424
1895,6,-0.401
1895,7,-0.315
1895,8,-0.259
1895,9,-0.29
1895,10,-0.361
1895,11,-0.364
1895,12,-0.343
1896,1,-0.333
1896,2,-0.324
1896,3,-0.321
1896,4,-0.291
1896,5,-0.332
1896,6,-0.345
1896,7,-0.378
1896,8,-0.402
1896,9,-0.398
1896,10,-0.32
1896,11,-0.277
1896,12,-0.282
1897,1,-0.283
1897,2,-0.284
1897,3,-0.276
1897,4,-0.293
1897,5,-0.261
1897,6,-0.265
1897,7,-0.194
1897,8,-0.201
1897,9,-0.248
1897,10,-0.283
1897,11,-0.332
1897,12,-0.323
1898,1,-0.339
1898,2,-0.349
1898,3,-0.365
1898,4,-0.405
1898,5,-0.426
1898,6,-0.409
1898,7,-0.425
1898,8,-0.424
1898,9,-0.35
1898,10,-0.309
1898,11,-0.287
1898,12,-0.32
1899,1,-0.309
1899,2,-0.291
1899,3,-0.258
1899,4,-0.211
1899,5,-0.119
1899,6,-0.155
1899,7,-0.24
1899,8,-0.179
1899,9,-0.111
1899,10,-0.121
1899,11,-0.09
1899,12,-0.057
1900,1,-0.056
1900,2,-0.052
1900,3,-0.065
1900,4,-0.037
1900,5,-0.1
1900,6,-0.044
1900,7,0.006
1900,8,0.005
1900,9,0.018
1900,10,0.045
1900,11,0.022
1900,12,0.024
1901,1,0.034
1901,2,0.036
1901,3,0.034
1901,4,-0.023
1901,5,-0.011
1901,6,-0.037
1901,7,0.002
1901,8,0.04
1901,9,-0.022
1901,10,-0.071
1901,11,-0.095
1901,12,-0.109
1902,1,-0.119
1902,2,-0.142
1902,3,-0.16
1902,4,-0.179
1902,5,-0.239
1902,6,-0.294
1902,7,-0.306
1902,8,-0.315
1902,9,-0.308
1902,10,-0.316
1902,11,-0.325
1902,12,-0.356
1903,1,-0.376
1903,2,-0.388
1903,3,-0.414
1903,4,-0.412
1903,5,-0.386
1903,6,-0.37
1903,7,-0.434
1903,8,-0.531
1903,9,-0.566
1903,10,-0.58
1903,11,-0.576
1903,12,-0.567
1904,1,-0.582
1904,2,-0.579
1904,3,-0.588
1904,4,-0.593
1904,5,-0.54
1904,6,-0.504
1904,7,-0.455
1904,8,-0.485
1904,9,-0.47
1904,10,-0.463
1904,11,-0.45
1904,12,-0.436
1905,1,-0.411
1905,2,-0.399
1905,3,-0.367
1905,4,-0.348
1905,5,-0.352
1905,6,-0.35
1905,7,-0.37
1905,8,-0.336
1905,9,-0.319
1905,10,-0.247
1905,11,-0.228
1905,12,-0.212
1906,1,-0.21
1906,2,-0.202
1906,3,-0.201
1906,4,-0.18
1906,5,-0.232
1906,6,-0.202
1906,7,-0.222
1906,8,-0.239
1906,9,-0.263
1906,10,-0.345
1906,11,-0.416
1906,12,-0.468
1907,1,-0.497
1907,2,-0.524
1907,3,-0.531
1907,4,-0.532
1907,5,-0.555
1907,6,-0.617
1907,7,-0.579
1907,8,-0.522
1907,9,-0.557
1907,10,-0.539
1907,11,-0.476
1907,12,-0.43
1908,1,-0.396
1908,2,-0.395
1908,3,-0.371
1908,4,-0.403
1908,5,-0.403
1908,6,-0.4
1908,7,-0.477
1908,8,-0.492
1908,9,-0.457
1908,10,-0.479
1908,11,-0.521
1908,12,-0.547
1909,1,-0.557
1909,2,-0.526
1909,3,-0.531
1909,4,-0.506
1909,5,-0.424
1909,6,-0.41
1909,7,-0.323
1909,8,-0.313
1909,9,-0.31
1909,10,-0.266
1909,11,-0.236
1909,12,-0.224
1910,1,-0.209
1910,2,-0.214
1910,3,-0.228
1910,4,-0.243
1910,5,-0.32
1910,6,-0.367
1910,7,-0.43
1910,8,-0.461
1910,9,-0.482
1910,10,-0.492
1910,11,-0.507
1910,12,-0.514
1911,1,-0.531
1911,2,-0.55
1911,3,-0.56
1911,4,-0.538
1911,5,-0.486
1911,6,-0.423
1911,7,-0.361
1911,8,-0.294
1911,9,-0.299
1911,10,-0.28
1911,11,-0.243
1911,12,-0.207
1912,1,-0.234
1912,2,-0.265
1912,3,-0.299
1912,4,-0.375
1912,5,-0.408
1912,6,-0.439
1912,7,-0.465
1912,8,-0.539
1912,9,-0.523
1912,10,-0.542
1912,11,-0.586
1912,12,-0.626
1913,1,-0.591
1913,2,-0.539
1913,3,-0.494
1913,4,-0.434
1913,5,-0.392
1913,6,-0.303
1913,7,-0.194
1913,8,-0.12
1913,9,-0.084
1913,10,-0.079
1913,11,-0.031
1913,12,0.011
1914,1,0.024
1914,2,0.024
1914,3,0.038
1914,4,0.068
1914,5,0.047
1914,6,0.005
1914,7,-0.086
1914,8,-0.084
1914,9,-0.07
1914,10,-0.019
1914,11,-0.006
1914,12,-0.024
1915,1,-0.017
1915,2,-0.017
1915,3,-0.025
1915,4,-0.062
1915,5,-0.028
1915,6,-0.032
1915,7,-0.008
1915,8,-0.031
1915,9,-0.055
1915,10,-0.108
1915,11,-0.15
1915,12,-0.183
1916,1,-0.214
1916,2,-0.228
1916,3,-0.239
1916,4,-0.234
1916,5,-0.285
1916,6,-0.389
1916,7,-0.427
1916,8,-0.485
1916,9,-0.52
1916,10,-0.541
1916,11,-0.587
1916,12,-0.59
1917,1,-0.575
1917,2,-0.584
1917,3,-0.584
1917,4,-0.624
1917,5,-0.605
1917,6,-0.61
1917,7,-0.627
1917,8,-0.613
1917,9,-0.581
1917,10,-0.596
1917,11,-0.59
1917,12,-0.585
1918,1,-0.605
1918,2,-0.611
1918,3,-0.598
1918,4,-0.526
1918,5,-0.537
1918,6,-0.492
1918,7,-0.471
1918,8,-0.443
1918,9,-0.451
1918,10,-0.383
1918,11,-0.345
1918,12,-0.321
1919,1,-0.297
1919,2,-0.267
1919,3,-0.26
1919,4,-0.266
1919,5,-0.284
1919,6,-0.251
1919,7,-0.196
1919,8,-0.206
1919,9,-0.164
1919,10,-0.178
1919,11,-0.166
1919,12,-0.177
1920,1,-0.181
1920,2,-0.191
1920,3,-0.207
1920,4,-0.235
1920,5,-0.231
1920,6,-0.281
1920,7,-0.271
1920,8,-0.236
1920,9,-0.252
1920,10,-0.252
1920,11,-0.246
1920,12,-0.216
1921,1,-0.202
1921,2,-0.214
1921,3,-0.205
1921,4,-0.184
1921,5,-0.157
1921,6,-0.071
1921,7,-0.14
1921,8,-0.204
1921,9,-0.194
1921,10,-0.186
1921,11,-0.197
1921,12,-0.207
1922,1,-0.222
1922,2,-0.22
1922,3,-0.231
1922,4,-0.25
1922,5,-0.235
1922,6,-0.235
1922,7,-0.202
1922,8,-0.187
1922,9,-0.212
1922,10,-0.264
1922,11,-0.283
1922,12,-0.289
1923,1,-0.314
1923,2,-0.312
1923,3,-0.303
1923,4,-0.267
1923,5,-0.241
1923,6,-0.222
1923,7,-0.24
1923,8,-0.212
1923,9,-0.172
1923,10,-0.157
1923,11,-0.132
1923,12,-0.129
1924,1,-0.102
1924,2,-0.098
1924,3,-0.092
1924,4,-0.118
1924,5,-0.116
1924,6,-0.152
1924,7,-0.156
1924,8,-0.175
1924,9,-0.2
1924,10,-0.163
1924,11,-0.175
1924,12,-0.196
1925,1,-0.217
1925,2,-0.206
1925,3,-0.203
1925,4,-0.204
1925,5,-0.207
1925,6,-0.133
1925,7,-0.035
1925,8,0.05
1925,9,0.11
1925,10,0.093
1925,11,0.083
1925,12,0.097
1926,1,0.105
1926,2,0.112
1926,3,0.121
1926,4,0.151
1926,5,0.145
1926,6,0.057
1926,7,-0.039
1926,8,-0.1
1926,9,-0.197
1926,10,-0.21
1926,11,-0.191
1926,12,-0.191
1927,1,-0.179
1927,2,-0.192
1927,3,-0.179
1927,4,-0.151
1927,5,-0.149
1927,6,-0.159
1927,7,-0.103
1927,8,-0.073
1927,9,-0.048
1927,10,-0.034
1927,11,-0.034
1927,12,-0.049
1928,1,-0.05
1928,2,-0.049
1928,3,-0.068
1928,4,-0.104
1928,5,-0.104
1928,6,-0.051
1928,7,-0.133
1928,8,-0.234
1928,9,-0.223
1928,10,-0.238
1928,11,-0.26
1928,12,-0.276
1929,1,-0.306
1929,2,-0.312
1929,3,-0.331
1929,4,-0.334
1929,5,-0.351
1929,6,-0.463
1929,7,-0.437
1929,8,-0.357
1929,9,-0.323
1929,10,-0.319
1929,11,-0.307
1929,12,-0.274
1930,1,-0.232
1930,2,-0.21
1930,3,-0.205
1930,4,-0.22
1930,5,-0.186
1930,6,-0.081
1930,7,-0.053
1930,8,-0.087
1930,9,-0.109
1930,10,-0.109
1930,11,-0.114
1930,12,-0.093
1931,1,-0.082
1931,2,-0.065
1931,3,-0.029
1931,4,0.028
1931,5,0.002
1931,6,0.019
1931,7,0.094
1931,8,0.115
1931,9,0.088
1931,10,0.139
1931,11,0.159
1931,12,0.143
1932,1,0.127
1932,2,0.096
1932,3,0.098
1932,4,0.077
1932,5,0.047
1932,6,0.005
1932,7,-0.116
1932,8,-0.143
1932,9,-0.151
1932,10,-0.205
1932,11,-0.22
1932,12,-0.241
1933,1,-0.251
1933,2,-0.248
1933,3,-0.286
1933,4,-0.322
1933,5,-0.323
1933,6,-0.354
1933,7,-0.33
1933,8,-0.244
1933,9,-0.251
1933,10,-0.26
1933,11,-0.222
1933,12,-0.198
1934,1,-0.19
1934,2,-0.19
1934,3,-0.199
1934,4,-0.183
1934,5,-0.143
1934,6,-0.074
1934,7,-0.098
1934,8,-0.063
1934,9,-0.012
1934,10,-0.033
1934,11,-0.084
1934,12,-0.094
1935,1,-0.097
1935,2,-0.097
1935,3,-0.077
1935,4,-0.072
1935,5,-0.149
1935,6,-0.195
1935,7,-0.19
1935,8,-0.324
1935,9,-0.356
1935,10,-0.325
1935,11,-0.296
1935,12,-0.29
1936,1,-0.265
1936,2,-0.258
1936,3,-0.257
1936,4,-0.259
1936,5,-0.195
1936,6,-0.154
1936,7,-0.136
1936,8,-0.049
1936,9,-0.062
1936,10,-0.06
1936,11,-0.047
1936,12,-0.026
1937,1,-0.047
1937,2,-0.034
1937,3,-0.003
1937,4,0.018
1937,5,0.029
1937,6,-0.008
1937,7,0.029
1937,8,0.019
1937,9,0.086
1937,10,0.151
1937,11,0.157
1937,12,0.134
1938,1,0.141
1938,2,0.139
1938,3,0.142
1938,4,0.148
1938,5,0.165
1938,6,0.169
1938,7,0.174
1938,8,0.161
1938,9,0.101
1938,10,0.053
1938,11,0.058
1938,12,0.078
1939,1,0.074
1939,2,0.073
1939,3,0.035
1939,4,-0.011
1939,5,-0.041
1939,6,0.079
1939,7,0.028
1939,8,0.04
1939,9,0.077
1939,10,0.109
1939,11,0.092
1939,12,0.094
1940,1,0.111
1940,2,0.104
1940,3,0.132
1940,4,0.152
1940,5,0.144
1940,6,0.075
1940,7,0.109
1940,8,0.128
1940,9,0.112
1940,10,0.097
1940,11,0.11
1940,12,0.113
1941,1,0.119
1941,2,0.133
1941,3,0.094
1941,4,0.113
1941,5,0.101
1941,6,0.064
1941,7,0.093
1941,8,0.03
1941,9,0.037
1941,10,0.027
1941,11,0.014
1941,12,0.009
1942,1,-0.029
1942,2,-0.05
1942,3,-0.022
1942,4,-0.028
1942,5,0.009
1942,6,0.029
1942,7,-0.03
1942,8,0.026
1942,9,0.012
1942,10,0.031
1942,11,0.044
1942,12,0.01
1943,1,0.029
1943,2,0.03
1943,3,0.025
1943,4,0.048
1943,5,0.037
1943,6,0.063
1943,7,0.159
1943,8,0.162
1943,9,0.195
1943,10,0.176
1943,11,0.166
1943,12,0.192
1944,1,0.193
1944,2,0.215
1944,3,0.245
1944,4,0.236
1944,5,0.222
1944,6,0.157
1944,7,0.074
1944,8,-0.002
1944,9,-0.03
1944,10,-0.009
1944,11,-0.032
1944,12,-0.044
1945,1,-0.065
1945,2,-0.044
1945,3,-0.063
1945,4,-0.082
1945,5,-0.083
1945,6,-0.108
1945,7,-0.069
1945,8,-0.002
1945,9,0.0
1945,10,0.014
1945,11,0.037
1945,12,0.035
1946,1,0.051
1946,2,0.011
1946,3,-0.001
1946,4,-0.025
1946,5,-0.01
1946,6,-0.008
1946,7,-0.038
1946,8,-0.052
1946,9,-0.005
1946,10,-0.017
1946,11,-0.02
1946,12,-0.008
1947,1,-0.012
1947,2,-0.01
1947,3,-0.001
1947,4,0.06
1947,5,0.075
1947,6,0.116
1947,7,0.178
1947,8,0.171
1947,9,0.1
1947,10,0.084
1947,11,0.099
1947,12,0.118
1948,1,0.123
1948,2,0.127
1948,3,0.125
1948,4,0.088
1948,5,0.07
1948,6,0.057
1948,7,0.046
1948,8,0.008
1948,9,0.018
1948,10,0.006
1948,11,-0.012
1948,12,-0.048
1949,1,-0.067
1949,2,-0.072
1949,3,-0.089
1949,4,-0.093
1949,5,-0.098
1949,6,-0.101
1949,7,-0.202
1949,8,-0.204
1949,9,-0.188
1949,10,-0.207
1949,11,-0.208
1949,12,-0.194
1950,1,-0.198
1950,2,-0.228
1950,3,-0.225
1950,4,-0.256
1950,5,-0.316
1950,6,-0.308
1950,7,-0.296
1950,8,-0.327
1950,9,-0.34
1950,10,-0.318
1950,11,-0.302
1950,12,-0.313
1951,1,-0.301
1951,2,-0.253
1951,3,-0.224
1951,4,-0.18
1951,5,-0.112
1951,6,-0.048
1951,7,0.027
1951,8,0.113
1951,9,0.102
1951,10,0.111
1951,11,0.1
1951,12,0.119
1952,1,0.142
1952,2,0.139
1952,3,0.134
1952,4,0.09
1952,5,0.025
1952,6,-0.029
1952,7,-0.036
1952,8,-0.016
1952,9,0.047
1952,10,0.081
1952,11,0.094
1952,12,0.107
1953,1,0.093
1953,2,0.1
1953,3,0.095
1953,4,0.132
1953,5,0.172
1953,6,0.199
1953,7,0.123
1953,8,0.077
1953,9,0.027
1953,10,-0.032
1953,11,-0.072
1953,12,-0.091
1954,1,-0.103
1954,2,-0.12
1954,3,-0.129
1954,4,-0.13
1954,5,-0.074
1954,6,-0.109
1954,7,0.005
1954,8,0.012
1954,9,-0.032
1954,10,-0.036
1954,11,-0.021
1954,12,-0.009
1955,1,-0.007
1955,2,0.029
1955,3,0.016
1955,4,0.029
1955,5,-0.022
1955,6,-0.044
1955,7,-0.121
1955,8,-0.152
1955,9,-0.126
1955,10,-0.142
1955,11,-0.183
1955,12,-0.213
1956,1,-0.219
1956,2,-0.311
1956,3,-0.325
1956,4,-0.392
1956,5,-0.411
1956,6,-0.389
1956,7,-0.392
1956,8,-0.367
1956,9,-0.359
1956,10,-0.331
1956,11,-0.288
1956,12,-0.248
1957,1,-0.255
1957,2,-0.192
1957,3,-0.156
1957,4,-0.117
1957,5,-0.066
1957,6,-0.005
1957,7,0.087
1957,8,0.134
1957,9,0.171
1957,10,0.193
1957,11,0.218
1957,12,0.175
1958,1,0.201
1958,2,0.169
1958,3,0.137
1958,4,0.135
1958,5,0.127
1958,6,0.086
1958,7,0.038
1958,8,0.012
1958,9,0.049
1958,10,0.076
1958,11,0.063
1958,12,0.099
1959,1,0.105
1959,2,0.131
1959,3,0.141
1959,4,0.125
1959,5,0.083
1959,6,0.079
1959,7,0.058
1959,8,0.096
1959,9,-0.038
1959,10,-0.101
1959,11,-0.141
1959,12,-0.154
1960,1,-0.177
1960,2,-0.181
1960,3,-0.169
1960,4,-0.144
1960,5,-0.138
1960,6,-0.098
1960,7,-0.079
1960,8,-0.088
1960,9,0.017
1960,10,0.063
1960,11,0.124
1960,12,0.145
1961,1,0.155
1961,2,0.158
1961,3,0.169
1961,4,0.156
1961,5,0.187
1961,6,0.122
1961,7,0.126
1961,8,0.123
1961,9,0.122
1961,10,0.115
1961,11,0.074
1961,12,0.054
1962,1,0.045
1962,2,0.032
1962,3,0.012
1962,4,0.022
1962,5,0.026
1962,6,0.06
1962,7,0.053
1962,8,0.084
1962,9,0.048
1962,10,0.018
1962,11,0.012
1962,12,0.008
1963,1,0.033
1963,2,0.085
1963,3,0.134
1963,4,0.174
1963,5,0.196
1963,6,0.183
1963,7,0.176
1963,8,0.093
1963,9,0.07
1963,10,0.045
1963,11,0.034
1963,12,0.042
1964,1,0.026
1964,2,-0.03
1964,3,-0.112
1964,4,-0.206
1964,5,-0.253
1964,6,-0.28
1964,7,-0.277
1964,8,-0.278
1964,9,-0.249
1964,10,-0.24
1964,11,-0.216
1964,12,-0.231
1965,1,-0.251
1965,2,-0.237
1965,3,-0.227
1965,4,-0.167
1965,5,-0.175
1965,6,-0.145
1965,7,-0.175
1965,8,-0.153
1965,9,-0.121
1965,10,-0.105
1965,11,-0.104
1965,12,-0.085
1966,1,-0.04
1966,2,-0.044
1966,3,-0.007
1966,4,-0.039
1966,5,-0.029
1966,6,-0.061
1966,7,-0.041
1966,8,-0.07
1966,9,-0.079
1966,10,-0.057
1966,11,-0.022
1966,12,-0.05
1967,1,-0.07
1967,2,-0.072
1967,3,-0.078
1967,4,-0.02
1967,5,-0.003
1967,6,0.041
1967,7,0.01
1967,8,0.035
1967,9,0.094
1967,10,0.097
1967,11,0.044
1967,12,0.049
1968,1,0.014
1968,2,-0.005
1968,3,-0.047
1968,4,-0.076
1968,5,-0.099
1968,6,-0.155
1968,7,-0.188
1968,8,-0.254
1968,9,-0.345
1968,10,-0.335
1968,11,-0.304
1968,12,-0.284
1969,1,-0.262
1969,2,-0.233
1969,3,-0.196
1969,4,-0.194
1969,5,-0.151
1969,6,-0.071
1969,7,0.001
1969,8,0.113
1969,9,0.134
1969,10,0.135
1969,11,0.122
1969,12,0.125
1970,1,0.142
1970,2,0.129
1970,3,0.152
1970,4,0.141
1970,5,0.111
1970,6,0.052
1970,7,0.064
1970,8,-0.01
1970,9,-0.033
1970,10,-0.056
1970,11,-0.056
1970,12,-0.089
1971,1,-0.11
1971,2,-0.092
1971,3,-0.105
1971,4,-0.103
1971,5,-0.082
1971,6,-0.051
1971,7,-0.142
1971,8,-0.166
1971,9,-0.149
1971,10,-0.148
1971,11,-0.151
1971,12,-0.12
1972,1,-0.112
1972,2,-0.087
1972,3,-0.105
1972,4,-0.11
1972,5,-0.152
1972,6,-0.158
1972,7,-0.06
1972,8,0.049
1972,9,0.103
1972,10,0.156
1972,11,0.207
1972,12,0.237
1973,1,0.255
1973,2,0.231
1973,3,0.251
1973,4,0.275
1973,5,0.313
1973,6,0.321
1973,7,0.258
1973,8,0.148
1973,9,0.092
1973,10,0.041
1973,11,-0.008
1973,12,-0.043
1974,1,-0.055
1974,2,-0.043
1974,3,-0.076
1974,4,-0.116
1974,5,-0.146
1974,6,-0.172
1974,7,-0.107
1974,8,-0.036
1974,9,0.009
1974,10,0.03
1974,11,0.078
1974,12,0.09
1975,1,0.094
1975,2,0.05
1975,3,0.082
1975,4,0.1
1975,5,0.104
1975,6,0.117
1975,7,0.105
1975,8,0.077
1975,9,-0.022
1975,10,-0.047
1975,11,-0.114
1975,12,-0.152
1976,1,-0.164
1976,2,-0.16
1976,3,-0.178
1976,4,-0.244
1976,5,-0.263
1976,6,-0.262
1976,7,-0.293
1976,8,-0.255
1976,9,-0.154
1976,10,-0.107
1976,11,-0.036
1976,12,0.032
1977,1,0.071
1977,2,0.122
1977,3,0.121
1977,4,0.176
1977,5,0.249
1977,6,0.257
1977,7,0.276
1977,8,0.274
1977,9,0.265
1977,10,0.262
1977,11,0.229
1977,12,0.172
1978,1,0.148
1978,2,0.079
1978,3,0.093
1978,4,0.106
1978,5,0.09
1978,6,0.089
1978,7,0.084
1978,8,0.031
1978,9,0.016
1978,10,-0.012
1978,11,-0.034
1978,12,-0.016
1979,1,-0.041
1979,2,0.004
1979,3,0.02
1979,4,0.038
1979,5,0.032
1979,6,0.101
1979,7,0.125
1979,8,0.194
1979,9,0.186
1979,10,0.223
1979,11,0.277
1979,12,0.29
1980,1,0.347
1980,2,0.377
1980,3,0.383
1980,4,0.383
1980,5,0.416
1980,6,0.369
1980,7,0.439
1980,8,0.47
1980,9,0.541
1980,10,0.541
1980,11,0.519
1980,12,0.535
1981,1,0.533
1981,2,0.562
1981,3,0.552
1981,4,0.536
1981,5,0.499
1981,6,0.543
1981,7,0.438
1981,8,0.378
1981,9,0.269
1981,10,0.233
1981,11,0.22
1981,12,0.18
1982,1,0.167
1982,2,0.105
1982,3,0.092
1982,4,0.082
1982,5,0.059
1982,6,0.044
1982,7,0.118
1982,8,0.162
1982,9,0.228
1982,10,0.248
1982,11,0.28
1982,12,0.297
1983,1,0.285
1983,2,0.327
1983,3,0.382
1983,4,0.404
1983,5,0.47
1983,6,0.429
1983,7,0.387
1983,8,0.324
1983,9,0.323
1983,10,0.3
1983,11,0.321
1983,12,0.311
1984,1,0.312
1984,2,0.281
1984,3,0.224
1984,4,0.214
1984,5,0.137
1984,6,0.079
1984,7,0.087
1984,8,0.055
1984,9,0.035
1984,10,0.052
1984,11,0.005
1984,12,0.025
1985,1,-0.012
1985,2,-0.002
1985,3,-0.009
1985,4,-0.01
1985,5,0.003
1985,6,0.059
1985,7,0.083
1985,8,0.192
1985,9,0.222
1985,10,0.242
1985,11,0.256
1985,12,0.241
1986,1,0.268
1986,2,0.262
1986,3,0.254
1986,4,0.253
1986,5,0.25
1986,6,0.247
1986,7,0.233
1986,8,0.246
1986,9,0.204
1986,10,0.182
1986,11,0.176
1986,12,0.218
1987,1,0.267
1987,2,0.261
1987,3,0.313
1987,4,0.337
1987,5,0.346
1987,6,0.405
1987,7,0.432
1987,8,0.372
1987,9,0.425
1987,10,0.459
1987,11,0.487
1987,12,0.5
1988,1,0.491
1988,2,0.543
1988,3,0.563
1988,4,0.594
1988,5,0.614
1988,6,0.605
1988,7,0.542
1988,8,0.559
1988,9,0.547
1988,10,0.522
1988,11,0.474
1988,12,0.421
1989,1,0.409
1989,2,0.378
1989,3,0.352
1989,4,0.334
1989,5,0.326
1989,6,0.333
1989,7,0.378
1989,8,0.384
1989,9,0.462
1989,10,0.501
1989,11,0.548
1989,12,0.583
1990,1,0.596
1990,2,0.592
1990,3,0.575
1990,4,0.585
1990,5,0.645
1990,6,0.642
1990,7,0.641
1990,8,0.675
1990,9,0.579
1990,10,0.587
1990,11,0.568
1990,12,0.601
1991,1,0.62
1991,2,0.638
1991,3,0.676
1991,4,0.666
1991,5,0.625
1991,6,0.596
1991,7,0.623
1991,8,0.605
1991,9,0.634
1991,10,0.576
1991,11,0.569
1991,12,0.511
1992,1,0.44
1992,2,0.394
1992,3,0.309
1992,4,0.276
1992,5,0.232
1992,6,0.233
1992,7,0.209
1992,8,0.203
1992,9,0.202
1992,10,0.212
1992,11,0.207
1992,12,0.203
1993,1,0.238
1993,2,0.244
1993,3,0.269
1993,4,0.291
1993,5,0.279
1993,6,0.277
1993,7,0.256
1993,8,0.176
1993,9,0.161
1993,10,0.189
1993,11,0.206
1993,12,0.257
1994,1,0.268
1994,2,0.28
1994,3,0.327
1994,4,0.358
1994,5,0.446
1994,6,0.448
1994,7,0.491
1994,8,0.644
1994,9,0.662
1994,10,0.66
1994,11,0.652
1994,12,0.652
1995,1,0.685
1995,2,0.739
1995,3,0.743
1995,4,0.75
1995,5,0.747
1995,6,0.748
1995,7,0.691
1995,8,0.635
1995,9,0.602
1995,10,0.575
1995,11,0.575
1995,12,0.534
1996,1,0.512
1996,2,0.509
1996,3,0.489
1996,4,0.44
1996,5,0.421
1996,6,0.438
1996,7,0.461
1996,8,0.443
1996,9,0.476
1996,10,0.491
1996,11,0.491
1996,12,0.53
1997,1,0.503
1997,2,0.473
1997,3,0.5
1997,4,0.551
1997,5,0.578
1997,6,0.588
1997,7,0.606
1997,8,0.695
1997,9,0.699
1997,10,0.739
1997,11,0.798
1997,12,0.832
1998,1,0.9
1998,2,0.955
1998,3,0.955
1998,4,0.942
1998,5,0.905
1998,6,0.928
1998,7,0.944
1998,8,0.931
1998,9,0.891
1998,10,0.846
1998,11,0.796
1998,12,0.755
1999,1,0.713
1999,2,0.668
1999,3,0.672
1999,4,0.674
1999,5,0.691
1999,6,0.679
1999,7,0.628
1999,8,0.587
1999,9,0.643
1999,10,0.706
1999,11,0.723
1999,12,0.724
2000,1,0.725
2000,2,0.74
2000,3,0.728
2000,4,0.685
2000,5,0.657
2000,6,0.599
2000,7,0.632
2000,8,0.594
2000,9,0.597
2000,10,0.57
2000,11,0.604
2000,12,0.606
2001,1,0.63
2001,2,0.62
2001,3,0.633
2001,4,0.668
2001,5,0.753
2001,6,0.806
2001,7,0.863
2001,8,0.944
2001,9,0.989
2001,10,0.988
2001,11,0.987
2001,12,0.987
2002,1,1.004
2002,2,1.015
2002,3,1.038
2002,4,1.046
2002,5,1.014
2002,6,0.977
2002,7,0.973
2002,8,0.923
2002,9,0.863
2002,10,0.857
2002,11,0.849
2002,12,0.843
2003,1,0.814
2003,2,0.823
2003,3,0.815
2003,4,0.849
2003,5,0.83
2003,6,0.917
2003,7,0.881
2003,8,0.913
2003,9,0.936
2003,10,0.944
2003,11,0.892
2003,12,0.883
2004,1,0.824
2004,2,0.785
2004,3,0.762
2004,4,0.743
2004,5,0.797
2004,6,0.726
2004,7,0.747
2004,8,0.701
2004,9,0.72
2004,10,0.747
2004,11,0.805
2004,12,0.853
2005,1,0.927
2005,2,0.955
2005,3,1.006
2005,4,1.047
2005,5,1.057
2005,6,1.107
2005,7,1.063
2005,8,1.104
2005,9,1.085
2005,10,1.04
2005,11,1.001
2005,12,1.0
2006,1,0.985
2006,2,1.018
2006,3,0.991
2006,4,0.965
2006,5,0.925
2006,6,0.937
2006,7,1.046
2006,8,1.031
2006,9,1.037
2006,10,1.099
2006,11,1.164
2006,12,1.155
2007,1,1.175
2007,2,1.163
2007,3,1.168
2007,4,1.167
2007,5,1.179
2007,6,1.14
2007,7,0.998
2007,8,0.946
2007,9,0.987
2007,10,0.946
2007,11,0.904
2007,12,0.887
2008,1,0.881
2008,2,0.846
2008,3,0.833
2008,4,0.844
2008,5,0.856
2008,6,0.846
2008,7,0.913
2008,8,0.955
2008,9,0.89
2008,10,0.892
2008,11,0.903
2008,12,0.913
2009,1,0.925
2009,2,0.954
2009,3,0.985
2009,4,0.959
2009,5,0.944
2009,6,0.936
2009,7,0.937
2009,8,0.96
2009,9,1.011
2009,10,1.041
2009,11,1.064
2009,12,1.075
2010,1,1.066
2010,2,1.072
2010,3,1.05
2010,4,1.078
2010,5,1.114
2010,6,1.111
2010,7,1.078
2010,8,1.022
2010,9,0.97
2010,10,0.953
2010,11,0.914
2010,12,0.913
2011,1,0.941
2011,2,0.966
2011,3,0.966
2011,4,0.959
2011,5,0.902
2011,6,0.933
2011,7,0.92
2011,8,0.909
2011,9,0.902
2011,10,0.916
2011,11,0.966
2011,12,0.973
2012,1,0.938
2012,2,0.906
2012,3,0.913
2012,4,0.915
2012,5,0.941
2012,6,0.892
2012,7,0.938
2012,8,0.988
2012,9,1.006
2012,10,0.955
2012,11,0.923
2012,12,0.929
2013,1,0.921
2013,2,0.928
2013,3,0.942
2013,4,0.931
2013,5,0.955
2013,6,1.008
2013,7,1.012
2013,8,0.955
2013,9,0.966
2013,10,1.013
2013,11,1.041
2013,12,1.02
2014,1,1.01
2014,2,1.019
2014,3,1.014
2014,4,1.023
2014,5,0.967
2014,6,0.981
2014,7,0.994
2014,8,1.089
2014,9,1.121
2014,10,1.099
2014,11,1.081
2014,12,1.099
2015,1,1.115
2015,2,1.105
2015,3,1.095
2015,4,1.13
2015,5,1.188
2015,6,1.238
2015,7,1.265
2015,8,1.326
2015,9,1.389
2015,10,1.457
2015,11,1.48
2015,12,1.468
2016,1,1.486
2016,2,1.529
2016,3,1.545
2016,4,1.501
2016,5,1.481
2016,6,1.436
2016,7,1.431
2016,8,1.395
2016,9,1.366
2016,10,1.324
2016,11,1.324
2016,12,1.314
2017,1,1.317
2017,2,1.286
2017,3,1.272
2017,4,1.296
2017,5,1.291
2017,6,1.308
2017,7,1.274
2017,8,1.221
2017,9,1.182
2017,10,1.184
2017,11,1.168
2017,12,1.186
2018,1,1.198
2018,2,1.191
2018,3,1.183
2018,4,1.189
2018,5,1.167
2018,6,1.144
2018,7,1.165
2018,8,1.175
2018,9,1.211
2018,10,1.228
2018,11,1.22
2018,12,1.223
2019,1,1.224
2019,2,1.233
2019,3,1.261
2019,4,1.271
2019,5,1.305
2019,6,1.347
2019,7,1.398
2019,8,1.472
2019,9,1.469
2019,10,1.482
2019,11,1.507
2019,12,1.521
2020,1,1.523
2020,2,1.524
2020,3,1.543
2020,4,1.519
2020,5,1.56
2020,6,1.51
2020,7,1.443
2020,8,1.329
2020,9,1.297
2020,10,1.252
2020,11,1.227
2020,12,1.223
2021,1,1.236
2021,2,1.242
2021,3,1.233
